deso,Final Probability
1256B2010,0.0005879187055930841
1292A0010,0.0011416830161192204
1293A0030,0.0006166315529713992
1256B2020,0.0005879187055930841
1284C1060,0.002695177458902664
1292C1050,0.0013606089438629875
1284C1070,0.00012561870728012921
1284C1080,0.001721603533079064
1276B3010,0.000867174301869279
1284C1090,0.0020611792643718003
1272A0010,0.0005830560459564338
1284C1110,0.002463159127668214
1283A0040,0.0006752150238319941
1284C1100,0.002556707436868531
1276A0030,0.0004899708471977021
1292C1010,0.0031551619050076904
1292C1020,0.0015284864789378144
1284B2010,0.00020897858676556055
1284A0010,0.0007933081864363552
1256A0010,0.0002945382408485242
1292C1040,0.0016043208137474778
1292C1090,0.0013606089438629875
1292C1080,0.0013606089438629875
1292A0020,0.0017989525103397676
1256C1010,0.0002593418472880087
1292C1060,0.002611007136144458
1292B2010,0.0008191265935547597
1284C1120,0.0016368543222688753
1256C1020,0.0005617529656434903
1275A0010,0.0005597847462667509
1293A0060,0.0003252193076035788
1284A0030,0.0003607630339952836
1257A0010,0.0008839620553767617
1256A0020,0.0003929492096854918
1284B2020,0.0007933081864363552
1292C1100,0.0013606089438629875
1292C1120,0.0010725637827125503
1256B4010,0.00019890593466107096
1292C1110,0.002611007136144458
1290A0110,0.00019867437944027808
1292B2020,0.0003421228387214579
1293B7010,0.00029523290651090273
1257C1030,0.0005134737021081779
1292C1150,0.00018501262141349908
1257C1020,0.00047931930704123035
1257C1010,0.0008099801623334415
1292C1130,0.0011841733991347111
1293B4010,0.0008254943621265633
1293A0050,0.0008953082611956122
1293A0040,0.0005625634089162653
1293B4020,0.000819242371165156
1257C1040,0.00042837715846680003
1284A0020,0.000570783619254412
1256B3010,0.00033424996121450047
1292C1140,0.0003385337327991685
1293A0070,0.0003731512383077018
1292B3010,0.0012735537143607571
1293B6010,0.0005431127703696647
1273C1010,0.0003929492096854918
1278C1010,0.0009934876748117869
1278C1030,0.001134620581885038
1273A0020,0.0006876032281444124
1273A0010,0.0001883701721149956
1278A0020,0.0003860025530617058
1273C1020,1.968219376739352e-06
1278B2020,0.0005586269701627866
1278B2010,0.00035786859373537267
1292A0040,0.0012359259909819164
1273C1030,0.0006876032281444124
1273C1040,0.0004634577744169191
1273C1050,4.167993974271568e-06
1273B2010,0.0005603636343187331
1278B2030,0.0006018120188406559
1257A0020,0.00038345544563298434
1293A0080,0.0004242091644925285
1257A0030,0.0007054329801454629
1278A0010,0.0012967092364400436
1256A0030,0.0007030016503271378
1278C1020,0.0009934876748117869
1278B3010,0.0003142204346159177
1273A0030,0.0006541434987398434
1281C1230,0.0017316841103710756
1280C1720,0.0017316841103710756
1281C1270,0.0017316841103710756
1281C1250,0.0017316841103710756
1281C1040,0.0017316841103710756
1281C1050,0.0017316841103710756
1281C1010,0.004661436541452799
1281C1060,0.0023649876392395613
1233B2050,0.0019158783633242775
1286C1090,0.0023447186322326633
1233B3010,0.0013606089438629875
1282C1070,0.0013606089438629875
1233B2010,0.00144003238459494
1233B3030,0.0013606089438629875
1286C1060,0.0023481919605445566
1286C1070,0.0023447186322326633
1280C1690,0.0017316841103710756
1280C1630,0.0017316841103710756
1280C1750,0.0017316841103710756
1280C1640,0.0017316841103710756
1280C1520,0.0017316841103710756
1280C1760,0.0017316841103710756
1280C1880,0.0017316841103710756
1280C1860,0.0017316841103710756
1280C1900,0.0017316841103710756
1280C1930,0.0017316841103710756
1280C1850,0.0017316841103710756
1280C2680,0.0017316841103710756
1280C2600,0.0029883342936139535
1280C2750,0.0017316841103710756
1280C2780,0.0017316841103710756
1280C2800,0.0017316841103710756
1280C2130,0.0017316841103710756
1280C2240,0.0017316841103710756
1280C2290,0.0017316841103710756
1280C2200,0.0017316841103710756
1280C2230,0.0017316841103710756
1280C2300,0.0017316841103710756
1280C2310,0.0017316841103710756
1287C1080,0.0014071515432423534
1287C1040,0.002820333055741208
1287C1060,0.001962768295534833
1280C2080,0.0017316841103710756
1287B2010,0.0003549741534754619
1287C1050,0.0018160780631625527
1233B2060,0.001898859054596002
1287A0020,0.00024070165201418305
1280C2000,0.0017316841103710756
1287C1010,0.0005226201333294961
1287C1030,0.0019800191594839013
1287C1070,0.001963347183586815
1287C1020,0.0017972063126679343
1287C1120,0.0020521486107608787
1287C1100,0.0017185933152087567
1287C1130,0.0013606089438629875
1280C1940,0.0017316841103710756
1280C1970,0.0017316841103710756
1280C1980,0.0017316841103710756
1287B2020,0.00029720112588764214
1281C1180,0.0017316841103710756
1265A0050,0.0006361979691283964
1281C1190,0.002748327307262149
1230A0020,0.001015716976007902
1265A0040,0.000179107963283281
1287C1090,0.003065318479340059
1280C2270,0.0017316841103710756
1287C1110,0.001536938244496754
1287C1150,0.0019289612332990744
1280C1210,0.0017316841103710756
1280C1240,0.0017316841103710756
1291A0020,0.00045141690293569014
1284C1010,0.0005876871503722912
1263C1040,0.0005543431985781186
1287C1140,0.0013606089438629875
1285C1060,0.0013606089438629875
1283C1460,0.0017316841103710756
1283C1440,0.0017316841103710756
1280C2730,0.0017316841103710756
1287C1160,0.0013606089438629875
1287C1170,0.0020856083401654475
1287C1180,0.001553494442783444
1287C1190,0.0008868564956366726
1233B3020,0.0013606089438629875
1280C1090,0.0017316841103710756
1233B2040,0.0015128565015342962
1286C1020,0.0013606089438629875
1286C1010,0.0013606089438629875
1286C1030,0.0013606089438629875
1233B2020,0.0018328658166700353
1286C1040,0.001898859054596002
1286C1050,0.0013606089438629875
1233B2070,0.0022253519159139415
1233B2030,0.001796627424615952
1287A0010,0.0003589105922289406
1264B3010,0.00037164612937254816
1280C1140,0.0017316841103710756
1264A0010,0.00039839075737412407
1280C2030,0.0017316841103710756
1280C2060,0.0017316841103710756
1287B3010,0.000353121711709119
1280C2490,0.0017316841103710756
1280C2520,0.0017316841103710756
1286C1080,0.0027116178795789578
1280C2410,0.0017316841103710756
1280C2330,0.0017316841103710756
1280C2450,0.0017316841103710756
1286C1100,0.002268884297423
1233B3040,0.002073451691073822
1286B2020,1.968219376739352e-06
1280C2400,0.0017316841103710756
1280C2460,0.0017316841103710756
1280C2480,0.0017316841103710756
1280C2470,0.0017316841103710756
1280C2510,0.0017316841103710756
1280C2440,0.0017316841103710756
1291B5010,0.00029824312438121
1286B2010,0.0006463863988432824
1287A0030,0.0005682365118256905
1280C1160,0.0017316841103710756
1233B2080,0.0022100692713416126
1280C2610,0.0017316841103710756
1280C2670,0.0017316841103710756
1286A0020,0.0004862659636650163
1286A0010,0.00019925326749226026
1280C2810,0.0017316841103710756
1264C1010,0.0001369649130989796
1286A0030,0.0005482069852271077
1264A0020,0.00024625897731321187
1280C2830,0.0017316841103710756
1280C2740,0.0017316841103710756
1233C1010,0.0009511130694066926
1233C1030,0.0
1231C1010,0.00039155987836073455
1231C1030,0.0008953082611956122
1281A0010,0.00014599556670990134
1233C1020,0.0019674089334665765
1286C1110,0.002259737866201682
1264C1040,0.0008046543922552057
1286A0040,0.0005052534917700312
1291B4010,0.00022530322983145754
1264C1020,0.00024625897731321187
1280C1680,0.0017316841103710756
1280C1790,0.0017316841103710756
1292B3020,0.0005743727251767014
1292A0030,0.0005153261438745209
1233B4010,0.00032186175690208224
1287A0040,0.000802338840047277
1280C1960,0.0017316841103710756
1263B2020,0.0007620482316293185
1280C2100,0.0017316841103710756
1280C2020,0.0017316841103710756
1280C2090,0.0017316841103710756
1264B2010,0.0007513966914728466
1233C1040,0.0016942895505413925
1280C2420,0.0017316841103710756
1280C2380,0.0017316841103710756
1280C2430,0.0017316841103710756
1280C2390,0.0017316841103710756
1280C2320,0.0017316841103710756
1291B3010,0.0005289879019012999
1263C1010,0.0006958234384825591
1287A0050,0.00031283110329116047
1233C1050,0.0009701005975117075
1233A0010,0.0010734900035957217
1281C1160,0.001818285762947607
1281C1200,0.0022350851603747638
1281C1240,0.0017316841103710756
1281C1220,0.0017316841103710756
1263C1020,5.0247482912051685e-05
1283C1180,0.0017316841103710756
1264C1030,0.0006946656623785947
1263C1050,0.0
1233A0020,0.0002654780606390196
1233B4020,0.0003717619069829446
1286A0050,0.0006946656623785947
1280C1010,0.0005222728004983068
1280C1230,0.0017316841103710756
1263C1030,0.0007091378636781487
1270C1010,0.00012828159231924717
1264A0030,0.0004155258437127961
1283C1390,0.0017316841103710756
1283C1380,0.0017316841103710756
1280C1020,7.155056322499527e-05
1263C1060,0.001232336885059627
1283C1450,0.0017316841103710756
1283C1510,0.0017316841103710756
1263C1070,0.0005612898552019045
1270C1020,0.0006483546182200218
1270C1030,0.000956323061874532
1280C1030,0.0
1280C1060,0.0
1280C1070,0.0
1280C1200,0.0019860475204120376
1291C1010,0.0007868246402541549
1291C1030,0.0008421663380236496
1280C1050,0.00018883328255658134
1280C1260,0.0017316841103710756
1270C1040,0.0008041912818136199
1291C1020,0.00022530322983145754
1280C1040,0.002507279930745141
1280C1100,0.0
1291B2010,0.0005654578491761761
1280C1310,0.0017316841103710756
1280C1080,6.13621335101092e-05
1291C1040,0.0005250514631478211
1280C1170,0.0017316841103710756
1280C1130,0.0019496949590759227
1280C1110,0.002072650781316934
1280C1120,0.0027097733630001373
1280C1190,0.0017316841103710756
1286A0060,0.0005421865494864931
1280C1610,0.0017316841103710756
1280C1150,0.003412775013327275
1280C1220,0.0017316841103710756
1280C1290,0.0017316841103710756
1280C1300,0.0017316841103710756
1280C1870,0.0017316841103710756
1280C1920,0.0017316841103710756
1280C1280,0.0017316841103710756
1280C1250,0.0023219183681720884
1280C1320,0.0017316841103710756
1280C1180,0.004335291012966049
1280C1270,0.0017316841103710756
1280C1360,0.0017316841103710756
1280C1330,0.0017316841103710756
1280C1380,0.0017316841103710756
1280C1350,0.0017316841103710756
1280C1390,0.0017316841103710756
1291A0010,0.0004374078120777218
1280C1460,0.0017316841103710756
1280C1430,0.0017316841103710756
1280C1420,0.0017316841103710756
1280C1370,0.0017316841103710756
1280C1410,0.0017316841103710756
1280C1470,0.0017316841103710756
1282C1080,0.0013606089438629875
1280C1400,0.0017316841103710756
1264A0040,0.0004389129210128754
1280C1340,0.0017316841103710756
1280C1530,0.0017316841103710756
1280C1480,0.0017316841103710756
1280C1510,0.0017316841103710756
1280C1490,0.0017316841103710756
1280C1580,0.0017316841103710756
1280C1570,0.0017316841103710756
1280C1590,0.0017316841103710756
1280C1440,0.0018341472955719182
1263B2010,0.00033355529555212187
1280C1600,0.0017316841103710756
1280C1620,0.0017316841103710756
1280C1700,0.0017316841103710756
1280C1500,0.0017316841103710756
1280C1560,0.0017316841103710756
1280C1710,0.0017316841103710756
1280C1650,0.0017316841103710756
1280C1450,0.002071491396884605
1280C1740,0.0017316841103710756
1280C1540,0.0017456932012290438
1280C1730,0.0017316841103710756
1280C1780,0.0017316841103710756
1280C1670,0.0017316841103710756
1280C1770,0.0017316841103710756
1280C1800,0.0017316841103710756
1280C1660,0.0017316841103710756
1280C1840,0.0017316841103710756
1280C1830,0.0017316841103710756
1280C1550,0.001997974222611235
1280C1820,0.0017316841103710756
1280C1810,0.0017316841103710756
1280C1890,0.0017316841103710756
1280C1950,0.0017316841103710756
1280C2160,0.0017316841103710756
1280C2250,0.0017316841103710756
1280C2220,0.0017316841103710756
1280C2260,0.0017316841103710756
1280C2530,0.0017316841103710756
1280C1990,0.0017316841103710756
1265B2010,0.0002162725762205358
1280C2050,0.0017316841103710756
1291A0030,0.0004633419968065227
1280C2110,0.0017316841103710756
1280C2140,0.0017316841103710756
1280C1910,0.0017316841103710756
1280C2070,0.0017316841103710756
1280C2150,0.0017316841103710756
1280C2180,0.0017316841103710756
1280C2170,0.0017316841103710756
1280C2040,0.0017316841103710756
1280C2120,0.0017316841103710756
1280C2350,0.0017316841103710756
1280C2360,0.0017316841103710756
1280C2370,0.0017316841103710756
1280C2190,0.0017316841103710756
1280C2280,0.0017316841103710756
1280C2570,0.0017316841103710756
1280C2540,0.0017316841103710756
1280C2550,0.0017316841103710756
1280C2580,0.0017316841103710756
1280C2650,0.0017316841103710756
1280C2210,0.0017316841103710756
1280C2560,0.0017316841103710756
1280C2590,0.0017316841103710756
1280C2620,0.0017316841103710756
1280C2500,0.0017316841103710756
1280C2340,0.0017316841103710756
1280C2630,0.0017316841103710756
1263B3010,0.0009506499589651069
1280C2660,0.0017316841103710756
1281B5010,0.00033795484474718633
1280C2690,0.0017316841103710756
1280C2720,0.0017316841103710756
1280C2700,0.0017316841103710756
1280C2010,0.002679093904573447
1270A0010,0.0007461866990050072
1281B5020,0.00023769143414387582
1280C2770,0.0017316841103710756
1280C2640,0.0017316841103710756
1280C2790,0.0017316841103710756
1263A0010,0.001336768289637209
1280C2760,0.0017316841103710756
1280C2820,0.0017316841103710756
1265A0010,0.0004346291494282074
1280C2710,0.0017316841103710756
1280C2860,0.0017316841103710756
1280C2850,0.0017316841103710756
1280C2840,0.0017316841103710756
1263A0020,0.001232336885059627
1280C2890,0.0017316841103710756
1280C2880,0.0017316841103710756
1280C2900,0.0017316841103710756
1281B4010,0.00014472201299554056
1280C2870,0.0017316841103710756
1265C1010,0.000979362806343422
1265A0020,0.0002809922604321416
1281B4020,0.00028423403352324165
1280C2910,0.002252683357155022
1270A0020,0.0005067586007051849
1265C1020,0.0
1230C1030,0.0013606089438629875
1231C1020,0.001137283466924156
1230C1040,0.0013606089438629875
1291A0040,0.00047399353696299444
1231C1050,0.0009447453008348888
1230C1010,0.0012735537143607571
1283C1230,0.0017316841103710756
1283C1240,0.0017316841103710756
1280C2920,0.002738949320820038
1281C1410,0.0018385468447669829
1283C1410,0.0017316841103710756
1283C1370,0.0017316841103710756
1272B3010,0.0004239776092717357
1290B6010,0.0008866249404158797
1281B4030,0.00047248842802784084
1231C1040,0.003129468809015569
1283C1500,0.0017316841103710756
1283C1490,0.0017316841103710756
1272C1010,0.0010008974418771585
1265C1030,0.0002221772343507539
1265C1040,0.0008809518375064545
1231C1060,0.0010072652104489623
1230C1050,0.0019350974466500852
1230C1060,0.0013606089438629875
1230C1020,0.0024085120955610975
1281C1290,0.0029409812509618126
1281C1300,0.0017316841103710756
1281A0020,0.0017038990922042965
1231C1070,0.0009030653610921731
1230C1080,0.0014235919639186468
1231C1080,0.0013659442474571102
1281B3010,0.0009266839936130454
1231C1090,0.0012134651345650086
1230C1070,0.00254895033697197
1291A0050,0.0001601204351782661
1231C1100,0.0004038323050627564
1281B3020,0.0
1281C1260,0.0017316841103710756
1281C1310,0.0017316841103710756
1281C1320,0.0017316841103710756
1281C1360,0.0017316841103710756
1281C1350,0.0017316841103710756
1262C1020,0.00023167099840326136
1262C1010,0.0018652930810969233
1230B2010,0.0003863498858928951
1262C1030,0.0
1281C1210,0.0017316841103710756
1262C1040,0.0
1281B3030,7.95392183423491e-05
1281C1120,0.0017316841103710756
1281C1090,0.0019183176183301246
1281C1170,0.0017316841103710756
1291A0060,0.0004305769330643323
1292C1030,0.0013606089438629875
1281B3040,0.0012816581470885074
1230A0010,0.0027426558126810883
1262C1050,0.0
1262C1060,0.0
1281C1020,0.0035610861322451053
1230B2020,0.0018291704666532364
1281C1030,0.00430310483727584
1281C1100,0.0017316841103710756
1281C1080,0.0024554099529591747
1281C1070,0.0017316841103710756
1265A0030,0.0005512172030974149
1281C1130,0.0017316841103710756
1281C1540,0.0017316841103710756
1262C1070,0.0023028166707850417
1281C1150,0.0017316841103710756
1281C1140,0.0017316841103710756
1281C1110,0.0017316841103710756
1281B2010,0.00036111036682647283
1281C1340,0.0017316841103710756
1281C1280,0.0017316841103710756
1281C1380,0.0017316841103710756
1281C1370,0.0033033651715026462
1281C1390,0.0020140657021279745
1281C1400,0.0025428220488084813
1281C1420,0.003202059762405768
1281C1330,0.0028894602143354
1262C1080,0.0
1281C1440,0.0033244366965947967
1281C1450,0.003202059762405768
1265A0060,0.00042073583618063557
1261C1070,0.0005042114932764634
1281B2020,0.00022009323736361808
1281C1460,0.0025327493967039916
1281C1490,0.0017316841103710756
1281C1470,0.002618193273176559
1281C1480,0.002980114083275807
1281C1500,0.0017316841103710756
1283C1610,0.003267705667500545
1262C1090,0.0
1281C1520,0.0017316841103710756
1281C1430,0.003306259611762557
1281C1510,0.002063271186546458
1281C1530,0.0017316841103710756
1290B8010,0.0003328606298897433
1281C1550,0.0020087399320497384
1281B2030,0.000724188953029685
1261C1090,0.0005706678416440155
1285A0010,0.0003964225379973847
1281B2040,0.00041564162132319256
1262C1100,0.002454485340404368
1281A0030,0.001150945224950935
1291A0070,0.0005754147236702693
1281C1560,0.00025737362791126934
1262C1120,0.001719065959166229
1262C1110,0.0024388553630008496
1281C1570,0.00018674928556944553
1261B2010,0.001156849883081153
1265A0070,0.00015676288447676954
1261B2020,0.002826710357828898
1270A0030,0.0005754147236702693
1285A0020,0.0013096763288044438
1285B5010,0.00040718985576425294
1261C1010,0.00024649053253400467
1285B3010,0.00028516025440641316
1285C1030,0.0013606089438629875
1282C1160,0.0013606089438629875
1261B2040,0.0014674812117747814
1261B2030,0.002869548073675578
1261C1030,0.0
1261C1020,0.00020203193014177464
1281A0040,0.001373701347353671
1266A0010,0.0006158211096986242
1261A0030,0.00039607520516619547
1261A0020,0.00078763508352693
1261C1040,0.00028272892458808805
1261C1050,0.001029147178813888
1261C1060,0.0005468176539023505
1261C1080,0.001029147178813888
1261B2050,0.0011653016486400927
1261A0010,0.0008721527391163257
1261B2060,0.002184607730570284
1261B2070,0.0007681844449803294
1285C1010,0.0013606089438629875
1266A0020,0.00016058354561985182
1285C1040,0.0013606089438629875
1285C1090,0.0020482121720074
1290A0010,0.00022738722681859335
1290B7010,0.0006925816653914589
1266A0030,0.0006158211096986242
1285A0040,0.0011685434217311927
1266C1010,0.0006914238892874946
1285C1020,0.001456357027660837
1266C1040,0.0006317984199333319
1282C1010,0.002597354911633566
1285C1050,0.0026041762571310688
1285A0030,0.0006505543928175539
1285C1070,0.001496763413689192
1266C1020,5.858347086059482e-05
1285C1080,0.0019024481605182913
1282C1020,0.00020029526598582814
1282C1030,0.0014926049532308072
1285B2010,0.00033413418360410407
1282C1040,0.001411898425268607
1290A0020,0.0005754147236702693
1282C1060,0.0013606089438629875
1266C1030,0.0008414716723612711
1214B2010,0.0008269994710617171
1282C1150,0.0013606089438629875
1267A0010,0.0009245999966259096
1282C1050,0.0034446059309987715
1282C1100,0.0013606089438629875
1282C1110,0.0013606089438629875
1282C1090,0.0013606089438629875
1282C1120,0.0013606089438629875
1282C1140,0.0013606089438629875
1282C1130,0.0013606089438629875
1214B4010,0.000887203828467862
1282B3010,0.0009198531145996558
1283B2010,0.0
1267C1060,0.001100581964428487
1282C1180,0.0013606089438629875
1214A0010,0.0005519118687597935
1282C1200,0.0013916373434492313
1283C1310,0.0017316841103710756
1283C1300,0.0017316841103710756
1285B4010,0.00011832471782515396
1266A0040,9.679008229141754e-05
1290B2010,0.0005993806890223309
1282C1170,0.0024609593530706816
1282C1190,0.0014183819714508072
1290B2020,0.0010091176522153053
1290B2030,0.0004572057834555118
1266B2010,0.000459405558053044
1285A0050,0.000761700898798129
1290B2050,0.0
1214C1020,0.0003152624331094856
1290A0030,0.0006906134460147195
1283C1640,0.0010123594253064053
1214C1010,0.00041679939742715686
1267C1010,0.0004877710726001699
1267C1020,0.0006131582246595062
1267C1030,0.000984688576421658
1285A0060,0.0006915396668978911
1290B2040,0.000226229450714629
1267C1050,0.0012645230607498353
1290B2060,0.0007024227622751557
1290B3010,0.00010998872987661083
1283C1420,0.0
1283C1430,0.0017316841103710756
1290B3020,0.00010084229865529266
1267C1040,0.000450027571610933
1266A0050,0.0007056645353662558
1282A0010,0.002605112011530127
1282B2010,0.0022457383088596004
1283B5010,0.00021592524338934652
1283B2020,0.002635098412622803
1283B2030,0.00047109909670308363
1214A0020,0.0004104316288553531
1290C1030,1.8061307221843464e-05
1290C1160,0.0013606089438629875
1283C1170,0.0
1290C1010,0.0010458191547109742
1290A0040,0.0005970651368144022
1283C1010,0.0003923703216335096
1285A0070,0.0003775507875027662
1290A0060,0.0010978033017789725
1290C1020,0.000647891507778436
1283C1020,0.0008961187044683872
1267C1070,0.0008095170518918557
1283C1530,0.0017316841103710756
1283C1560,0.0017316841103710756
1214B3010,0.0003275348598115074
1283A0010,0.0003640048070863836
1290C1040,0.000285391809627206
1290C1050,0.0001830444020367597
1283C1030,0.0017316841103710756
1290C1060,0.0011620598755489925
1290C1070,0.0027139334317868866
1283C1040,0.001935800037499986
1290C1100,0.0013606089438629875
1290A0050,0.0006946656623785947
1290C1090,0.002611007136144458
1290C1130,0.0013606089438629875
1290C1080,0.0015261804602457727
1283C1050,0.0011435354578855632
1283C1070,0.0017316841103710756
1283C1060,0.0006990652115736591
1290C1120,0.0013606089438629875
1214A0040,0.00038854966049042735
1283C1080,0.0036229113761967998
1283C1090,0.0017316841103710756
1290C1140,0.0013606089438629875
1283C1110,0.0022501362497263
1290A0070,0.0006830879013389515
1283C1100,0.0037305845538654825
1290C1110,0.000485108187561052
1283C1150,0.002289963747702673
1283C1120,0.0017316841103710756
1290C1170,0.0013606089438629875
1260B2010,0.0005583954149419937
1290C1150,0.0013606089438629875
1283C1130,0.0017316841103710756
1260A0010,0.00013580713699501526
1290B4010,0.001029378734034681
1283C1190,0.001794667130426735
1293B5010,0.0008362616798934316
1283C1210,0.0033457397769077403
1283C1200,0.0034152063431456
1290C1200,0.0013606089438629875
1283C1160,0.0007379664886668605
1283C1140,0.0003637732518655908
1283C1340,0.0
1290C1180,0.0018179305049288957
1283C1250,0.0017316841103710756
1283C1280,0.0017316841103710756
1290C1220,0.0
1283C1270,0.0017316841103710756
1283C1290,0.0017316841103710756
1283C1260,0.0017316841103710756
1290C1210,0.0005788880519821622
1283C1330,0.0017316841103710756
1283C1220,0.0017316841103710756
1283C1320,0.0017316841103710756
1283C1360,0.0017316841103710756
1283C1350,0.0017316841103710756
1283C1400,0.0017316841103710756
1290C1190,0.0013606089438629875
1290C1230,0.0003241773091100109
1260A0020,0.0008103274951646308
1283C1480,0.0017316841103710756
1283C1470,0.0017316841103710756
1283C1520,0.0017316841103710756
1283C1540,0.0017316841103710756
1272C1020,0.0006474283973368503
1283C1550,0.0017316841103710756
1283B3010,0.000465310216183262
1283C1570,0.0017316841103710756
1290B5010,0.0006900345579627375
1272C1030,0.0005566587507860473
1267A0020,0.0005280616810181284
1283C1580,0.0017316841103710756
1260C1010,0.0008103274951646308
1214A0030,0.00023861765502704727
1276B2010,0.00032834530308428246
1283C1620,0.0
1272C1040,0.0
1283C1590,0.0017316841103710756
1260A0030,0.00030669488994014956
1276A0020,0.0009782050302394579
1276A0010,0.00038854966049042735
1283A0020,0.0025746624999958647
1290A0080,0.0008096328295022522
1283C1600,0.002690092777561108
1293B3020,0.00026165739949593735
1260C1020,2.9639068261486706e-05
1283C1650,0.0
1293B3010,0.0015027933829456933
1293A0010,0.000936756645717535
1260C1030,0.0007050856473142736
1283C1630,0.0012104549166947014
1283C1660,0.0019689140424017306
1293B3030,0.00023572321476713647
1283C1690,0.0
1283C1680,0.00017598196780257733
1283C1670,0.00047109909670308363
1293B8010,0.0003935280977374739
1260C1040,0.00044713313135102213
1283C1700,0.00178297520010506
1275C1020,0.0006926974430018553
1277C1040,0.0
1276C1010,0.0007157371874707453
1293C1020,0.0013606089438629875
1277B3010,0.0007243047306400814
1276C1050,0.0003880865500488416
1276C1020,0.0005759936117222514
1277B2010,0.001160323211393046
1277C1020,0.001177689852952511
1276C1030,0.0
1277C1050,0.00012179804613704694
1290A0090,0.0008681005227524505
1275C1010,0.0008295465784904386
1277C1010,0.0005515645359286043
1277C1030,0.0007736259926689616
1293C1010,0.0013606089438629875
1293C1030,0.0013606089438629875
1293C1050,0.0013606089438629875
1276C1040,3.276506374219038e-05
1292C1070,0.0013606089438629875
1275C1040,1.7713974390654166e-05
1293C1060,0.0013606089438629875
1283B4010,0.0004017483080756206
1275C1030,1.7250863949068433e-05
1293C1040,0.0013606089438629875
1277C1070,0.0009251788846778916
1293B2010,0.0005183363617448281
1293C1090,0.0013606089438629875
1277C1060,0.0002872442513935489
1290A0100,0.0004840661890674841
1293B2020,0.0011178328283775554
1256B5010,0.0009026022506505874
1293C1110,0.0013606089438629875
1293C1100,0.0013606089438629875
1283A0030,0.0007615851211877327
1293B2030,0.0005274827929661462
1293C1130,0.0013930266747739885
1293C1120,0.002204511946042584
1293C1070,0.000554458976188515
1284C1020,0.0005920866995673556
1293C1080,0.0007753626568249082
1284C1030,0.00045685845062432245
1293A0020,0.00034478572376057584
1272B2010,0.000404526970725135
1284C1040,0.002046359730241057
1277A0010,0.000502243273899724
1284C1050,0.001795585426122384
1292B4010,0.002051810811445576
