,Kommun,Kommunnamn,Zon,Antal Bilar,Kommungrupp 2023,Travel (km),Travel +-,Boende totalt Antal,E,N,geom_Length,geom_Area
0,1256,Östra Göinge,1256B2010,987,Pendlingskommun nära större stad,25,3,1841,445761,6217713,13978.89566,6141834.196
1,1256,Östra Göinge,1256B2020,726,Pendlingskommun nära större stad,25,3,1586,445761,6217713,14850.78086,5233374.127
2,1256,Östra Göinge,1256A0010,848,Pendlingskommun nära större stad,25,3,1291,456053,6226593,51525.97718,84292069.75
3,1256,Östra Göinge,1256C1010,772,Pendlingskommun nära större stad,25,3,1563,434578,6220850,10090.53058,4741871.03
4,1256,Östra Göinge,1256C1020,803,Pendlingskommun nära större stad,25,3,1866,456053,6226593,14110.13174,9377031.065
5,1256,Östra Göinge,1256A0020,531,Pendlingskommun nära större stad,25,3,842,445761,6217713,90670.35047,114111077.8
6,1256,Östra Göinge,1256B4010,666,Pendlingskommun nära större stad,25,3,1412,456053,6226593,10096.14553,6892427.453
7,1256,Östra Göinge,1256B3010,746,Pendlingskommun nära större stad,25,3,1606,456053,6226593,11892.70539,8794835.272
8,1256,Östra Göinge,1256A0030,713,Pendlingskommun nära större stad,25,3,1175,456053,6226593,143494.674,206595005.7
9,1256,Östra Göinge,1256B5010,678,Pendlingskommun nära större stad,25,3,1395,445761,6217713,10172.88823,6805662.113
10,1292,Ängelholm,1292A0010,572,Pendlingskommun nära större stad,25,3,850,371588,6221705,49384.44068,35214126.77
11,1292,Ängelholm,1292C1050,755,Pendlingskommun nära större stad,25,3,1632,370107,6235579,3598.21154,498506.3608
12,1292,Ängelholm,1292C1010,1022,Pendlingskommun nära större stad,25,3,2144,370107,6235579,13113.74194,6908911.022
13,1292,Ängelholm,1292C1020,1155,Pendlingskommun nära större stad,25,3,2434,370107,6235579,8501.286884,3410944.578
14,1292,Ängelholm,1292C1040,1070,Pendlingskommun nära större stad,25,3,2509,370107,6235579,5576.125649,1308595.032
15,1292,Ängelholm,1292C1090,585,Pendlingskommun nära större stad,25,3,1429,370107,6235579,1837.65162,191159.0625
16,1292,Ängelholm,1292C1080,837,Pendlingskommun nära större stad,25,3,1924,370107,6235579,7098.341569,2071864.395
17,1292,Ängelholm,1292A0020,843,Pendlingskommun nära större stad,25,3,1324,370107,6235579,58084.21866,65466239.35
18,1292,Ängelholm,1292C1060,1073,Pendlingskommun nära större stad,25,3,2407,370107,6235579,11985.5463,4733020.103
19,1292,Ängelholm,1292B2010,1164,Pendlingskommun nära större stad,25,3,2239,370107,6235579,9286.87674,4168882.324
20,1292,Ängelholm,1292C1100,957,Pendlingskommun nära större stad,25,3,2013,370107,6235579,9690.763159,3862202.115
21,1292,Ängelholm,1292C1120,950,Pendlingskommun nära större stad,25,3,1891,370107,6235579,5405.331492,891762.8237
22,1292,Ängelholm,1292C1110,1136,Pendlingskommun nära större stad,25,3,2291,370107,6235579,15677.97155,6256291.692
23,1292,Ängelholm,1292B2020,979,Pendlingskommun nära större stad,25,3,1776,370107,6235579,16458.11336,10553212.08
24,1292,Ängelholm,1292C1150,1213,Pendlingskommun nära större stad,25,3,2317,363373,6251148,10619.38703,4335909.873
25,1292,Ängelholm,1292C1130,852,Pendlingskommun nära större stad,25,3,1582,370107,6235579,12533.09858,6307346.679
26,1292,Ängelholm,1292C1140,1115,Pendlingskommun nära större stad,25,3,1994,370107,6235579,20394.90274,10827585.92
27,1292,Ängelholm,1292B3010,555,Pendlingskommun nära större stad,25,3,1043,370107,6235579,10899.22495,5627930.396
28,1292,Ängelholm,1292A0040,1195,Pendlingskommun nära större stad,25,3,1805,370107,6235579,77389.00945,83920247.62
29,1292,Ängelholm,1292B3020,570,Pendlingskommun nära större stad,25,3,941,363373,6251148,14177.03153,11318671.75
30,1292,Ängelholm,1292A0030,1515,Pendlingskommun nära större stad,25,3,2341,386632,6241761,75983.08729,164885951.7
31,1292,Ängelholm,1292C1030,807,Pendlingskommun nära större stad,25,3,2126,370107,6235579,2292.380435,318973.5964
32,1292,Ängelholm,1292C1070,728,Pendlingskommun nära större stad,25,3,1770,370107,6235579,2634.079013,266019.0324
33,1292,Ängelholm,1292B4010,784,Pendlingskommun nära större stad,25,3,1486,359885,6226823,12774.70585,8185387.039
34,1293,Hässleholm,1293A0030,955,Lågpendlingskommun nära större stad,31,6,1499,434578,6220850,83858.78344,118562815.9
35,1293,Hässleholm,1293A0060,813,Lågpendlingskommun nära större stad,31,6,1297,424130,6226656,72334.92,100478356.1
36,1293,Hässleholm,1293B7010,869,Lågpendlingskommun nära större stad,31,6,1819,419121,6239024,12780.41344,10828804.09
37,1293,Hässleholm,1293B4010,669,Lågpendlingskommun nära större stad,31,6,1376,419121,6239024,13631.80483,7880684.796
38,1293,Hässleholm,1293A0050,888,Lågpendlingskommun nära större stad,31,6,1263,424130,6226656,64854.64398,78902017.2
39,1293,Hässleholm,1293A0040,846,Lågpendlingskommun nära större stad,31,6,1369,415506,6226559,83759.97024,180278967.9
40,1293,Hässleholm,1293B4020,844,Lågpendlingskommun nära större stad,31,6,1583,419121,6239024,15921.85948,7878433.721
41,1293,Hässleholm,1293A0070,631,Lågpendlingskommun nära större stad,31,6,905,419121,6239024,67798.83077,113163904.9
42,1293,Hässleholm,1293B6010,893,Lågpendlingskommun nära större stad,31,6,1855,419121,6239024,17477.23551,14271834.95
43,1293,Hässleholm,1293A0080,851,Lågpendlingskommun nära större stad,31,6,1218,404987,6247646,103678.503,219266346.9
44,1293,Hässleholm,1293B5010,826,Lågpendlingskommun nära större stad,31,6,1904,418693,6205881,11519.67498,7941293.593
45,1293,Hässleholm,1293B3020,1059,Lågpendlingskommun nära större stad,31,6,1977,434578,6220850,5399.730106,1317176.315
46,1293,Hässleholm,1293B3010,638,Lågpendlingskommun nära större stad,31,6,1127,434578,6220850,19117.16387,9427232.999
47,1293,Hässleholm,1293A0010,991,Lågpendlingskommun nära större stad,31,6,1555,418693,6205881,86098.48096,169559367.9
48,1293,Hässleholm,1293B3030,545,Lågpendlingskommun nära större stad,31,6,1182,434578,6220850,10630.11381,4736684.324
49,1293,Hässleholm,1293B8010,633,Lågpendlingskommun nära större stad,31,6,1166,424130,6226656,9960.822656,6706767.123
50,1293,Hässleholm,1293C1020,701,Lågpendlingskommun nära större stad,31,6,1453,424130,6226656,3630.794508,763748.5992
51,1293,Hässleholm,1293C1010,921,Lågpendlingskommun nära större stad,31,6,1986,424130,6226656,7140.349967,2587427.51
52,1293,Hässleholm,1293C1030,503,Lågpendlingskommun nära större stad,31,6,1226,424130,6226656,2813.309541,411161.7193
53,1293,Hässleholm,1293C1050,720,Lågpendlingskommun nära större stad,31,6,2078,424130,6226656,2023.343965,210811.9218
54,1293,Hässleholm,1293C1060,586,Lågpendlingskommun nära större stad,31,6,1540,424130,6226656,1995.034892,256926.0966
55,1293,Hässleholm,1293C1040,624,Lågpendlingskommun nära större stad,31,6,1897,424130,6226656,5760.012121,1235899.404
56,1293,Hässleholm,1293B2010,673,Lågpendlingskommun nära större stad,31,6,1518,415506,6226559,8759.564862,3887082.342
57,1293,Hässleholm,1293C1090,925,Lågpendlingskommun nära större stad,31,6,1885,424130,6226656,5670.087016,1165507.184
58,1293,Hässleholm,1293B2020,887,Lågpendlingskommun nära större stad,31,6,1703,415506,6226559,9248.66542,4525803.843
59,1293,Hässleholm,1293C1110,687,Lågpendlingskommun nära större stad,31,6,1494,424130,6226656,4744.549475,1062553.716
60,1293,Hässleholm,1293C1100,600,Lågpendlingskommun nära större stad,31,6,1699,424130,6226656,5278.621212,1288908.932
61,1293,Hässleholm,1293B2030,822,Lågpendlingskommun nära större stad,31,6,1634,415506,6226559,10683.17614,4695864.135
62,1293,Hässleholm,1293C1130,841,Lågpendlingskommun nära större stad,31,6,1653,424130,6226656,8074.879582,2172592.145
63,1293,Hässleholm,1293C1120,928,Lågpendlingskommun nära större stad,31,6,2239,424130,6226656,16663.63832,6304617.336
64,1293,Hässleholm,1293C1070,1181,Lågpendlingskommun nära större stad,31,6,2191,415506,6226559,22349.04856,17429678.68
65,1293,Hässleholm,1293C1080,791,Lågpendlingskommun nära större stad,31,6,1460,424130,6226656,24762.20873,14420274.5
66,1293,Hässleholm,1293A0020,1057,Lågpendlingskommun nära större stad,31,6,1618,415506,6226559,96310.16251,199249262.3
67,1284,Höganäs,1284C1060,986,Pendlingskommun nära större stad,25,3,2375,350848,6229734,10286.15148,4364460.001
68,1284,Höganäs,1284C1070,1036,Pendlingskommun nära större stad,25,3,2222,350848,6229734,13805.27513,6291504.313
69,1284,Höganäs,1284C1080,766,Pendlingskommun nära större stad,25,3,1969,350848,6229734,2977.526775,501038.1765
70,1284,Höganäs,1284C1090,913,Pendlingskommun nära större stad,25,3,2078,350848,6229734,6449.478215,1733130.846
71,1284,Höganäs,1284C1110,728,Pendlingskommun nära större stad,25,3,1410,350848,6229734,11258.8781,6598226.036
72,1284,Höganäs,1284C1100,893,Pendlingskommun nära större stad,25,3,1913,350848,6229734,13799.53449,7473424.956
73,1284,Höganäs,1284B2010,526,Pendlingskommun nära större stad,25,3,1006,350848,6229734,7965.24823,2850033.235
74,1284,Höganäs,1284A0010,1066,Pendlingskommun nära större stad,25,3,1687,350848,6229734,54334.19502,52617118.59
75,1284,Höganäs,1284C1120,1041,Pendlingskommun nära större stad,25,3,1910,350848,6229734,11312.64396,7583939.651
76,1284,Höganäs,1284A0030,522,Pendlingskommun nära större stad,25,3,761,350848,6229734,21983.38814,25802575.54
77,1284,Höganäs,1284B2020,800,Pendlingskommun nära större stad,25,3,1322,350848,6229734,14486.83208,7182515.764
78,1284,Höganäs,1284A0020,953,Pendlingskommun nära större stad,25,3,1510,350848,6229734,44375.40854,52411493.9
79,1284,Höganäs,1284C1010,663,Pendlingskommun nära större stad,25,3,1274,350848,6229734,7726.768028,2574671.399
80,1284,Höganäs,1284C1020,1135,Pendlingskommun nära större stad,25,3,2454,350848,6229734,7608.66501,2855056.961
81,1284,Höganäs,1284C1030,752,Pendlingskommun nära större stad,25,3,1416,350848,6229734,8141.007748,3756679.627
82,1284,Höganäs,1284C1040,562,Pendlingskommun nära större stad,25,3,1150,350848,6229734,5454.981278,1305308.08
83,1284,Höganäs,1284C1050,809,Pendlingskommun nära större stad,25,3,1646,350848,6229734,5335.929902,1252212.368
84,1276,Klippan,1276B3010,1166,Pendlingskommun nära större stad,25,3,1999,385246,6220091,17428.14452,12344716.97
85,1276,Klippan,1276A0030,911,Pendlingskommun nära större stad,25,3,1414,385246,6220091,91884.8063,118003621.4
86,1276,Klippan,1276B2010,1299,Pendlingskommun nära större stad,25,3,2341,385246,6220091,15294.16233,13294869.61
87,1276,Klippan,1276A0020,628,Pendlingskommun nära större stad,25,3,961,385246,6220091,38605.07529,46547358.97
88,1276,Klippan,1276A0010,1121,Pendlingskommun nära större stad,25,3,1663,399357,6222747,81540.81118,171131371.4
89,1276,Klippan,1276C1010,1199,Pendlingskommun nära större stad,25,3,2607,385246,6220091,12223.76101,6127003.168
90,1276,Klippan,1276C1050,629,Pendlingskommun nära större stad,25,3,1520,385246,6220091,12529.77555,3486662.649
91,1276,Klippan,1276C1020,969,Pendlingskommun nära större stad,25,3,2113,385246,6220091,8624.080161,3541966.317
92,1276,Klippan,1276C1030,884,Pendlingskommun nära större stad,25,3,1721,385246,6220091,4732.565502,1063412.138
93,1276,Klippan,1276C1040,926,Pendlingskommun nära större stad,25,3,1526,385246,6220091,10388.52188,5528911.558
94,1272,Bromölla,1272A0010,864,Pendlingskommun nära större stad,25,3,1369,468633,6214465,113377.2214,138313380.4
95,1272,Bromölla,1272B3010,828,Pendlingskommun nära större stad,25,3,1311,467296,6211062,23404.34637,22797781.92
96,1272,Bromölla,1272C1010,1277,Pendlingskommun nära större stad,25,3,2664,468633,6214465,20305.96414,11942954.76
97,1272,Bromölla,1272C1020,1157,Pendlingskommun nära större stad,25,3,2467,468633,6214465,9433.768815,2649666.793
98,1272,Bromölla,1272C1030,906,Pendlingskommun nära större stad,25,3,1800,468633,6214465,8466.567327,3196492.047
99,1272,Bromölla,1272C1040,842,Pendlingskommun nära större stad,25,3,1646,468633,6214465,10237.39474,5036947.318
100,1272,Bromölla,1272B2010,771,Pendlingskommun nära större stad,25,3,1376,468633,6214465,14677.14592,11986134.92
101,1283,Helsingborg,1283A0040,707,Större stad,21,2,1178,359885,6226823,54883.59333,53080337.23
102,1283,Helsingborg,1283C1460,577,Större stad,21,2,1889,357269,6213746,1307.501325,86694.8941
103,1283,Helsingborg,1283C1440,652,Större stad,21,2,1790,357269,6213746,2012.849825,176679.5685
104,1283,Helsingborg,1283C1180,766,Större stad,21,2,1574,358942,6209795,3833.159725,626764.2785
105,1283,Helsingborg,1283C1390,617,Större stad,21,2,1682,357269,6213746,2852.899677,334059.7288
106,1283,Helsingborg,1283C1380,644,Större stad,21,2,2008,357269,6213746,3047.066246,370088.2437
107,1283,Helsingborg,1283C1450,490,Större stad,21,2,1733,357269,6213746,5192.581356,1038255.842
108,1283,Helsingborg,1283C1510,696,Större stad,21,2,2082,357269,6213746,1911.681476,211556.6161
109,1283,Helsingborg,1283C1230,396,Större stad,21,2,1963,357269,6213746,1747.656537,106076.0624
110,1283,Helsingborg,1283C1240,417,Större stad,21,2,1864,356328,6212211,1675.832592,133154.6794
111,1283,Helsingborg,1283C1410,784,Större stad,21,2,1971,357269,6213746,2061.060151,238802.7581
112,1283,Helsingborg,1283C1370,668,Större stad,21,2,1970,357269,6213746,5714.210008,1057021.5
113,1283,Helsingborg,1283C1500,627,Större stad,21,2,1993,357269,6213746,3571.033762,351962.4892
114,1283,Helsingborg,1283C1490,693,Större stad,21,2,2231,357269,6213746,5660.00675,1244108.988
115,1283,Helsingborg,1283C1610,1062,Större stad,21,2,2616,357269,6213746,7656.244949,2927831.395
116,1283,Helsingborg,1283B2010,905,Större stad,21,2,1927,358942,6209795,5939.762108,1752059.361
117,1283,Helsingborg,1283C1310,522,Större stad,21,2,1720,357269,6213746,1613.295159,119885.0588
118,1283,Helsingborg,1283C1300,837,Större stad,21,2,1901,357269,6213746,3606.470215,589716.3964
119,1283,Helsingborg,1283C1640,776,Större stad,21,2,1955,357269,6213746,6453.416774,2100336.946
120,1283,Helsingborg,1283C1420,566,Större stad,21,2,1412,357269,6213746,1985.325946,136998.763
121,1283,Helsingborg,1283C1430,737,Större stad,21,2,1820,357269,6213746,1487.201874,112167.7208
122,1283,Helsingborg,1283B5010,567,Större stad,21,2,941,358942,6209795,12460.30799,7918477.194
123,1283,Helsingborg,1283B2020,1259,Större stad,21,2,2885,358942,6209795,8893.297403,2629499.131
124,1283,Helsingborg,1283B2030,834,Större stad,21,2,1759,358942,6209795,8758.001239,3608118.631
125,1283,Helsingborg,1283C1170,769,Större stad,21,2,1639,358942,6209795,4417.878651,798165.2171
126,1283,Helsingborg,1283C1010,772,Större stad,21,2,1512,358942,6209795,8352.351113,4208478.721
127,1283,Helsingborg,1283C1020,778,Större stad,21,2,1723,358942,6209795,10924.20409,5597279.406
128,1283,Helsingborg,1283C1530,930,Större stad,21,2,2594,357269,6213746,2934.43337,377601.3243
129,1283,Helsingborg,1283C1560,575,Större stad,21,2,1837,361152,6216167,2446.415683,317560.2867
130,1283,Helsingborg,1283A0010,801,Större stad,21,2,1290,368607,6195414,61101.21825,53110133.36
131,1283,Helsingborg,1283C1030,736,Större stad,21,2,1582,358942,6209795,5482.941497,1427485.439
132,1283,Helsingborg,1283C1040,928,Större stad,21,2,2224,358942,6209795,7094.599003,1992853.838
133,1283,Helsingborg,1283C1050,784,Större stad,21,2,1490,358942,6209795,8049.472058,2888892.742
134,1283,Helsingborg,1283C1070,529,Större stad,21,2,1467,358942,6209795,8938.614173,3430780.365
135,1283,Helsingborg,1283C1060,538,Större stad,21,2,1019,358942,6209795,11465.36901,4152658.385
136,1283,Helsingborg,1283C1080,749,Större stad,21,2,1703,358942,6209795,10354.59553,2737604.686
137,1283,Helsingborg,1283C1090,552,Större stad,21,2,1531,358942,6209795,3063.898021,524561.4376
138,1283,Helsingborg,1283C1110,783,Större stad,21,2,1811,358942,6209795,3728.337971,691688.4596
139,1283,Helsingborg,1283C1100,757,Större stad,21,2,1581,358942,6209795,8136.234598,2302677.717
140,1283,Helsingborg,1283C1150,670,Större stad,21,2,1971,357401,6210155,2921.946157,477198.6697
141,1283,Helsingborg,1283C1120,748,Större stad,21,2,2403,357401,6210155,6805.666827,1459900.882
142,1283,Helsingborg,1283C1130,489,Större stad,21,2,2069,356328,6212211,5380.346923,1113003.695
143,1283,Helsingborg,1283C1190,848,Större stad,21,2,2181,357401,6210155,3970.080026,671633.2621
144,1283,Helsingborg,1283C1210,625,Större stad,21,2,2197,357269,6213746,3841.953095,595097.8344
145,1283,Helsingborg,1283C1200,613,Större stad,21,2,3279,356328,6212211,8360.632521,2261985.342
146,1283,Helsingborg,1283C1160,913,Större stad,21,2,1792,358942,6209795,11351.22238,5219303.321
147,1283,Helsingborg,1283C1140,1004,Större stad,21,2,1843,361152,6216167,12372.63908,6470987.584
148,1283,Helsingborg,1283C1340,551,Större stad,21,2,1377,357269,6213746,4375.929287,705665.2378
149,1283,Helsingborg,1283C1250,497,Större stad,21,2,1944,357269,6213746,1235.25592,77840.17936
150,1283,Helsingborg,1283C1280,380,Större stad,21,2,1588,357269,6213746,1272.221653,62061.72031
151,1283,Helsingborg,1283C1270,643,Större stad,21,2,1529,357269,6213746,4026.762706,540420.7366
152,1283,Helsingborg,1283C1290,527,Större stad,21,2,2063,357269,6213746,4088.843263,470145.5921
153,1283,Helsingborg,1283C1260,633,Större stad,21,2,1644,357269,6213746,2733.971596,353202.4778
154,1283,Helsingborg,1283C1330,423,Större stad,21,2,1539,357269,6213746,3068.374655,271330.5796
155,1283,Helsingborg,1283C1220,1250,Större stad,21,2,3115,358942,6209795,8881.570006,1969390.459
156,1283,Helsingborg,1283C1320,760,Större stad,21,2,1518,357269,6213746,3908.753057,572975.1044
157,1283,Helsingborg,1283C1360,829,Större stad,21,2,1987,357269,6213746,3553.702532,485150.9829
158,1283,Helsingborg,1283C1350,545,Större stad,21,2,1469,357269,6213746,3682.677454,660222.7511
159,1283,Helsingborg,1283C1400,783,Större stad,21,2,2388,357269,6213746,2492.171125,332177.7217
160,1283,Helsingborg,1283C1480,773,Större stad,21,2,2067,357269,6213746,1586.834169,147573.0333
161,1283,Helsingborg,1283C1470,587,Större stad,21,2,2473,357269,6213746,3899.9933,560581.4291
162,1283,Helsingborg,1283C1520,895,Större stad,21,2,2203,357269,6213746,3640.79157,603737.9542
163,1283,Helsingborg,1283C1540,415,Större stad,21,2,1617,357269,6213746,1979.20017,209608.7214
164,1283,Helsingborg,1283C1550,391,Större stad,21,2,1769,357269,6213746,2810.064075,320323.0086
165,1283,Helsingborg,1283B3010,1049,Större stad,21,2,1985,368329,6216038,9019.508009,5834798.664
166,1283,Helsingborg,1283C1570,613,Större stad,21,2,1721,361152,6216167,2984.695917,410416.9323
167,1283,Helsingborg,1283C1580,950,Större stad,21,2,2578,357269,6213746,4810.1974,865066.1721
168,1283,Helsingborg,1283C1620,582,Större stad,21,2,1383,357269,6213746,3436.415967,631978.6535
169,1283,Helsingborg,1283C1590,985,Större stad,21,2,1888,357269,6213746,11848.98842,4776319.728
170,1283,Helsingborg,1283A0020,780,Större stad,21,2,1328,368329,6216038,69147.11912,68473163.29
171,1283,Helsingborg,1283C1600,639,Större stad,21,2,1477,361152,6216167,14606.42987,7477718.337
172,1283,Helsingborg,1283C1650,628,Större stad,21,2,1434,357269,6213746,5249.950405,1105814.951
173,1283,Helsingborg,1283C1630,1381,Större stad,21,2,4285,357269,6213746,8565.675743,2719559.735
174,1283,Helsingborg,1283C1660,945,Större stad,21,2,2309,361152,6216167,14807.2917,5672059.209
175,1283,Helsingborg,1283C1690,1073,Större stad,21,2,2300,361152,6216167,5008.158138,1444392.683
176,1283,Helsingborg,1283C1680,438,Större stad,21,2,813,357269,6213746,9074.097728,2741091.33
177,1283,Helsingborg,1283C1670,1026,Större stad,21,2,2327,357269,6213746,9026.876844,2820987.671
178,1283,Helsingborg,1283C1700,897,Större stad,21,2,1711,361152,6216167,17178.731,7826491.874
179,1283,Helsingborg,1283B4010,696,Större stad,21,2,1457,359885,6226823,12636.87581,7809477.573
180,1283,Helsingborg,1283A0030,1158,Större stad,21,2,2087,359885,6226823,33119.44001,44891937.94
181,1275,Perstorp,1275A0010,829,Pendlingskommun nära större stad,25,3,1279,399357,6222747,75928.18735,145694141
182,1275,Perstorp,1275C1020,528,Pendlingskommun nära större stad,25,3,1473,399357,6222747,8618.066769,2633379.96
183,1275,Perstorp,1275C1010,632,Pendlingskommun nära större stad,25,3,1489,399357,6222747,13655.23083,7753310.719
184,1275,Perstorp,1275C1040,682,Pendlingskommun nära större stad,25,3,1772,399357,6222747,7279.825354,2032683.605
185,1275,Perstorp,1275C1030,698,Pendlingskommun nära större stad,25,3,1429,399357,6222747,10230.7677,4493699.055
186,1257,Örkelljunga,1257A0010,791,Pendlingskommun nära större stad,25,3,1278,386632,6241761,63515.7321,93092130.97
187,1257,Örkelljunga,1257C1030,682,Pendlingskommun nära större stad,25,3,1714,386632,6241761,8534.576419,2513376.067
188,1257,Örkelljunga,1257C1020,758,Pendlingskommun nära större stad,25,3,1557,386632,6241761,13811.23838,3007801.835
189,1257,Örkelljunga,1257C1010,763,Pendlingskommun nära större stad,25,3,1332,386632,6241761,16937.95747,12283611.76
190,1257,Örkelljunga,1257C1040,619,Pendlingskommun nära större stad,25,3,1104,386632,6241761,18063.34806,8848721.916
191,1257,Örkelljunga,1257A0020,1184,Pendlingskommun nära större stad,25,3,1832,404987,6247646,65539.39878,100337374.4
192,1257,Örkelljunga,1257A0030,938,Pendlingskommun nära större stad,25,3,1638,404987,6247646,61722.00072,110973337.5
193,1290,Kristianstad,1290A0110,1346,Större stad,21,2,2296,456053,6226593,71520.50954,162914715.7
194,1290,Kristianstad,1290B6010,783,Större stad,21,2,1518,445761,6217713,13761.37235,10219418.92
195,1290,Kristianstad,1290B8010,577,Större stad,21,2,1035,448292,6212635,15226.51522,9345429.807
196,1290,Kristianstad,1290A0010,657,Större stad,21,2,976,435014,6191255,74975.54686,94555689.89
197,1290,Kristianstad,1290B7010,787,Större stad,21,2,1418,440802,6179703,12556.25793,9286642.412
198,1290,Kristianstad,1290A0020,963,Större stad,21,2,1529,440802,6179703,65079.8495,97067528.42
199,1290,Kristianstad,1290B2010,1448,Större stad,21,2,2633,450480,6199931,23293.46813,14624383.28
200,1290,Kristianstad,1290B2020,630,Större stad,21,2,1215,450480,6199931,7026.010342,1173494.409
201,1290,Kristianstad,1290B2030,938,Större stad,21,2,1939,450480,6199931,7543.988774,1693947.13
202,1290,Kristianstad,1290B2050,1262,Större stad,21,2,2287,450480,6199931,7632.568164,2685999.887
203,1290,Kristianstad,1290A0030,951,Större stad,21,2,1589,435014,6191255,70784.43365,102291822.8
204,1290,Kristianstad,1290B2040,1019,Större stad,21,2,1956,450480,6199931,14283.90164,6315017.578
205,1290,Kristianstad,1290B2060,814,Större stad,21,2,1584,450480,6199931,11245.95948,5059270.95
206,1290,Kristianstad,1290B3010,1135,Större stad,21,2,2153,435014,6191255,13812.64886,8553632.977
207,1290,Kristianstad,1290B3020,776,Större stad,21,2,1455,435014,6191255,14569.71252,7887281.905
208,1290,Kristianstad,1290C1030,924,Större stad,21,2,1855,448292,6212635,12537.39484,4700276.708
209,1290,Kristianstad,1290C1160,722,Större stad,21,2,2454,448292,6212635,3074.853231,309366.6408
210,1290,Kristianstad,1290C1010,564,Större stad,21,2,1034,448292,6212635,15646.54486,7111004.218
211,1290,Kristianstad,1290A0040,1197,Större stad,21,2,2009,450480,6199931,56685.67629,99042243.56
212,1290,Kristianstad,1290A0060,554,Större stad,21,2,949,450480,6199931,39921.19775,37549070.71
213,1290,Kristianstad,1290C1020,1260,Större stad,21,2,2326,448292,6212635,16117.662,10322816.22
214,1290,Kristianstad,1290C1040,668,Större stad,21,2,1199,448292,6212635,12529.28877,7124164.631
215,1290,Kristianstad,1290C1050,1236,Större stad,21,2,2533,448292,6212635,10301.59241,3661404.761
216,1290,Kristianstad,1290C1060,665,Större stad,21,2,1656,448292,6212635,11507.09855,4651569.397
217,1290,Kristianstad,1290C1070,814,Större stad,21,2,2249,448292,6212635,9030.280787,3153690.077
218,1290,Kristianstad,1290C1100,717,Större stad,21,2,2039,448292,6212635,2241.493289,267519.9556
219,1290,Kristianstad,1290A0050,1077,Större stad,21,2,1824,435014,6191255,104142.4187,123418812.3
220,1290,Kristianstad,1290C1090,789,Större stad,21,2,1878,448292,6212635,8172.437749,2714823.231
221,1290,Kristianstad,1290C1130,645,Större stad,21,2,1839,448292,6212635,1959.421703,217111.0552
222,1290,Kristianstad,1290C1080,820,Större stad,21,2,1979,448292,6212635,10949.14617,4494506.684
223,1290,Kristianstad,1290C1120,716,Större stad,21,2,2304,448292,6212635,4084.220099,698617.6527
224,1290,Kristianstad,1290C1140,624,Större stad,21,2,1892,448292,6212635,4292.774153,441804.4349
225,1290,Kristianstad,1290A0070,678,Större stad,21,2,1040,448292,6212635,69621.92674,92895415.6
226,1290,Kristianstad,1290C1110,1065,Större stad,21,2,2182,448292,6212635,11567.53392,4981717.905
227,1290,Kristianstad,1290C1170,689,Större stad,21,2,1828,448292,6212635,3137.04631,536709.3404
228,1290,Kristianstad,1290C1150,743,Större stad,21,2,1856,448292,6212635,9083.233555,2305961.258
229,1290,Kristianstad,1290B4010,1076,Större stad,21,2,1959,448292,6212635,12703.51858,9605522.283
230,1290,Kristianstad,1290C1200,643,Större stad,21,2,1600,448292,6212635,3735.601164,435599.6947
231,1290,Kristianstad,1290C1180,1225,Större stad,21,2,2856,448292,6212635,7730.055176,2110406.884
232,1290,Kristianstad,1290C1220,445,Större stad,21,2,2440,448292,6212635,1856.679499,205034.9754
233,1290,Kristianstad,1290C1210,869,Större stad,21,2,1820,448292,6212635,12314.86381,4413656.527
234,1290,Kristianstad,1290C1190,683,Större stad,21,2,2083,448292,6212635,12367.32198,3990152.941
235,1290,Kristianstad,1290C1230,527,Större stad,21,2,2648,448292,6212635,6407.383526,1171135.674
236,1290,Kristianstad,1290B5010,919,Större stad,21,2,1712,445761,6217713,15104.83463,10903310.03
237,1290,Kristianstad,1290A0080,1430,Större stad,21,2,2248,448292,6212635,113757.3382,201231081.9
238,1290,Kristianstad,1290A0090,1130,Större stad,21,2,1855,445761,6217713,85959.98875,111778981.6
239,1290,Kristianstad,1290A0100,620,Större stad,21,2,1009,445761,6217713,73169.58231,99550977.74
240,1273,Osby,1273C1010,867,Pendlingskommun nära mindre tätort,33,5,1567,419121,6239024,13945.84022,10563103.88
241,1273,Osby,1273A0020,816,Pendlingskommun nära mindre tätort,33,5,1208,419121,6239024,129973.6792,230726001.6
242,1273,Osby,1273A0010,619,Pendlingskommun nära mindre tätort,33,5,864,456053,6226593,112625.8224,225557978.6
243,1273,Osby,1273C1020,768,Pendlingskommun nära mindre tätort,33,5,1495,419121,6239024,9976.262769,3949359.464
244,1273,Osby,1273C1030,645,Pendlingskommun nära mindre tätort,33,5,1465,419121,6239024,10724.63278,6267413.738
245,1273,Osby,1273C1040,747,Pendlingskommun nära mindre tätort,33,5,1711,419121,6239024,10950.36387,4995620.434
246,1273,Osby,1273C1050,758,Pendlingskommun nära mindre tätort,33,5,1659,419121,6239024,10887.88547,3970308.61
247,1273,Osby,1273B2010,976,Pendlingskommun nära mindre tätort,33,5,1958,456053,6226593,13302.24872,10636289.82
248,1273,Osby,1273A0030,753,Pendlingskommun nära mindre tätort,33,5,1311,419121,6239024,67173.83272,104624503.8
249,1278,Båstad,1278C1010,1094,Landsbygdskommun med besöksnäring,28,9,2068,363373,6251148,21533.51202,14851119.91
250,1278,Båstad,1278C1030,1634,Landsbygdskommun med besöksnäring,28,9,3054,363373,6251148,23979.68139,18077359.54
251,1278,Båstad,1278A0020,1244,Landsbygdskommun med besöksnäring,28,9,2001,363373,6251148,49762.14931,78090990.68
252,1278,Båstad,1278B2020,524,Landsbygdskommun med besöksnäring,28,9,1064,363373,6251148,9567.530247,3577096.948
253,1278,Båstad,1278B2010,723,Landsbygdskommun med besöksnäring,28,9,1497,363373,6251148,13483.05089,6192551.429
254,1278,Båstad,1278B2030,621,Landsbygdskommun med besöksnäring,28,9,1164,363373,6251148,16432.37582,12525966.6
255,1278,Båstad,1278A0010,1106,Landsbygdskommun med besöksnäring,28,9,1673,363373,6251148,84967.91152,98172776.9
256,1278,Båstad,1278C1020,1052,Landsbygdskommun med besöksnäring,28,9,2167,363373,6251148,9529.721405,3314767.867
257,1278,Båstad,1278B3010,696,Landsbygdskommun med besöksnäring,28,9,1136,363373,6251148,29192.58552,36197636.94
258,1281,Lund,1281C1230,750,Större stad,21,2,2044,387433,6173395,3528.660415,688925.1712
259,1281,Lund,1281C1270,519,Större stad,21,2,1801,385209,6175299,2268.13264,279823.8081
260,1281,Lund,1281C1250,447,Större stad,21,2,1802,385209,6175299,2246.639472,249194.0612
261,1281,Lund,1281C1040,317,Större stad,21,2,1369,387433,6173395,1693.060692,96265.79845
262,1281,Lund,1281C1050,561,Större stad,21,2,1637,385209,6175299,1708.542133,150057.7343
263,1281,Lund,1281C1010,576,Större stad,21,2,1795,387433,6173395,5763.22653,1062786.783
264,1281,Lund,1281C1060,604,Större stad,21,2,1882,387433,6173395,2942.702211,526542.0224
265,1281,Lund,1281C1180,406,Större stad,21,2,1770,387433,6173395,2700.50921,199628.5514
266,1281,Lund,1281C1190,638,Större stad,21,2,1718,387433,6173395,3506.835864,710295.7292
267,1281,Lund,1281A0010,573,Större stad,21,2,841,397472,6166735,75150.09675,92676167.74
268,1281,Lund,1281C1160,632,Större stad,21,2,1658,388592,6176569,4998.654814,1092499.269
269,1281,Lund,1281C1200,385,Större stad,21,2,1290,387433,6173395,3381.738951,461495.3699
270,1281,Lund,1281C1240,327,Större stad,21,2,1255,385209,6175299,2185.591881,268256.3452
271,1281,Lund,1281C1220,479,Större stad,21,2,1621,385209,6175299,3168.488558,270637.3167
272,1281,Lund,1281B5010,1054,Större stad,21,2,2226,397472,6166735,10996.85745,5041578.822
273,1281,Lund,1281B5020,532,Större stad,21,2,1037,397472,6166735,11126.84881,2699811.29
274,1281,Lund,1281B4010,852,Större stad,21,2,1676,407932,6166551,8982.216875,4148746.911
275,1281,Lund,1281B4020,907,Större stad,21,2,2088,407932,6166551,8142.352362,2914894.656
276,1281,Lund,1281C1410,348,Större stad,21,2,1174,385209,6175299,3362.672697,516857.1284
277,1281,Lund,1281B4030,951,Större stad,21,2,1951,407932,6166551,10868.00674,4999605.161
278,1281,Lund,1281C1290,560,Större stad,21,2,1604,388592,6176569,3749.903847,543991.0161
279,1281,Lund,1281C1300,319,Större stad,21,2,1085,385209,6175299,2357.700744,234385.6092
280,1281,Lund,1281A0020,1424,Större stad,21,2,2416,397472,6166735,107614.1329,140930264.7
281,1281,Lund,1281B3010,595,Större stad,21,2,1576,397472,6166735,12293.96429,5876058.622
282,1281,Lund,1281B3020,864,Större stad,21,2,2038,397472,6166735,5027.51408,1057601.206
283,1281,Lund,1281C1260,373,Större stad,21,2,1938,387433,6173395,2193.00677,262392.9775
284,1281,Lund,1281C1310,331,Större stad,21,2,1053,385209,6175299,1587.077278,129166.6922
285,1281,Lund,1281C1320,607,Större stad,21,2,1958,385209,6175299,1945.619794,200857.2096
286,1281,Lund,1281C1360,312,Större stad,21,2,1589,385209,6175299,1646.843227,134434.227
287,1281,Lund,1281C1350,167,Större stad,21,2,1691,385209,6175299,1419.855765,106312.0173
288,1281,Lund,1281C1210,385,Större stad,21,2,1418,385209,6175299,2792.438298,336645.0283
289,1281,Lund,1281B3030,593,Större stad,21,2,1427,397472,6166735,10337.0742,3268528.145
290,1281,Lund,1281C1120,110,Större stad,21,2,2002,387433,6173395,1690.261891,126634.7135
291,1281,Lund,1281C1090,328,Större stad,21,2,1362,387433,6173395,2877.115406,427430.8641
292,1281,Lund,1281C1170,251,Större stad,21,2,1192,387433,6173395,1467.771997,100977.1104
293,1281,Lund,1281B3040,947,Större stad,21,2,1966,397472,6166735,7455.60645,3042858.622
294,1281,Lund,1281C1020,619,Större stad,21,2,2124,387433,6173395,7231.651487,1500414.992
295,1281,Lund,1281C1030,912,Större stad,21,2,3200,387433,6173395,12745.57591,5274799.306
296,1281,Lund,1281C1100,563,Större stad,21,2,1926,387433,6173395,2144.769068,190190.9473
297,1281,Lund,1281C1080,470,Större stad,21,2,2203,387433,6173395,2892.767969,338872.6961
298,1281,Lund,1281C1070,611,Större stad,21,2,2582,385209,6175299,3556.110594,433735.0496
299,1281,Lund,1281C1130,294,Större stad,21,2,1471,387433,6173395,1681.635302,89957.64062
300,1281,Lund,1281C1540,475,Större stad,21,2,1620,389612,6177904,6889.946617,1928777.474
301,1281,Lund,1281C1150,446,Större stad,21,2,1638,385209,6175299,2600.239252,370229.5838
302,1281,Lund,1281C1140,636,Större stad,21,2,1635,387433,6173395,3587.616,626589.9727
303,1281,Lund,1281C1110,564,Större stad,21,2,2016,385209,6175299,4646.122478,1005286.916
304,1281,Lund,1281B2010,997,Större stad,21,2,1957,395923,6176843,8698.161165,3705627.684
305,1281,Lund,1281C1340,446,Större stad,21,2,1529,388592,6176569,3785.633467,580686.7179
306,1281,Lund,1281C1280,443,Större stad,21,2,1909,387433,6173395,4925.942154,1091279.615
307,1281,Lund,1281C1380,452,Större stad,21,2,1717,385209,6175299,2501.359912,271859.257
308,1281,Lund,1281C1370,221,Större stad,21,2,2280,388592,6176569,4688.568107,1187484.269
309,1281,Lund,1281C1390,512,Större stad,21,2,1657,388592,6176569,4733.285146,592253.1348
310,1281,Lund,1281C1400,549,Större stad,21,2,1765,385209,6175299,4095.709189,823207.0147
311,1281,Lund,1281C1420,283,Större stad,21,2,1165,388592,6176569,3442.630744,485104.4325
312,1281,Lund,1281C1330,487,Större stad,21,2,1452,385209,6175299,11011.92878,3196978.829
313,1281,Lund,1281C1440,48,Större stad,21,2,1838,388592,6176569,2132.198607,273032.9988
314,1281,Lund,1281C1450,12,Större stad,21,2,1486,388592,6176569,1462.23288,112345.9937
315,1281,Lund,1281B2020,598,Större stad,21,2,1207,395923,6176843,9688.16306,4348155.133
316,1281,Lund,1281C1460,665,Större stad,21,2,1903,383970,6176664,7080.711474,1552367.96
317,1281,Lund,1281C1490,580,Större stad,21,2,1660,388592,6176569,3637.905749,556879.1177
318,1281,Lund,1281C1470,461,Större stad,21,2,2233,388592,6176569,2960.856751,340947.7474
319,1281,Lund,1281C1480,356,Större stad,21,2,1158,385209,6175299,4024.463264,646982.234
320,1281,Lund,1281C1500,343,Större stad,21,2,1604,388592,6176569,1818.115131,184701.6095
321,1281,Lund,1281C1520,632,Större stad,21,2,1891,388592,6176569,4058.527775,671455.9372
322,1281,Lund,1281C1430,894,Större stad,21,2,3437,388592,6176569,11407.78478,3939527.253
323,1281,Lund,1281C1510,868,Större stad,21,2,2128,383970,6176664,5278.099519,728805.8903
324,1281,Lund,1281C1530,445,Större stad,21,2,1524,383970,6176664,3774.809275,559441.0333
325,1281,Lund,1281C1550,838,Större stad,21,2,2129,383970,6176664,8638.118731,2544556.868
326,1281,Lund,1281B2030,752,Större stad,21,2,1622,395923,6176843,10280.33104,3150124.865
327,1281,Lund,1281B2040,991,Större stad,21,2,2209,395923,6176843,9594.835709,3572546.785
328,1281,Lund,1281A0030,963,Större stad,21,2,1700,395923,6176843,73832.96746,56795117.95
329,1281,Lund,1281C1560,685,Större stad,21,2,1649,389612,6177904,13999.63444,4958690.638
330,1281,Lund,1281C1570,328,Större stad,21,2,932,389612,6177904,8624.657324,3224761.25
331,1281,Lund,1281A0040,749,Större stad,21,2,1278,389612,6177904,60778.28878,54018438.01
332,1280,Malmö,1280C1720,332,Storstäder,22,5,1689,375721,6161593,1447.162422,114341.6026
333,1280,Malmö,1280C1690,223,Storstäder,22,5,1465,377550,6161705,1679.872882,129013.2644
334,1280,Malmö,1280C1630,597,Storstäder,22,5,1769,370146,6162064,3394.115587,411071.5847
335,1280,Malmö,1280C1750,317,Storstäder,22,5,2078,377550,6161705,1268.240134,89409.9849
336,1280,Malmö,1280C1640,664,Storstäder,22,5,1541,370146,6162064,2994.453725,515749.5138
337,1280,Malmö,1280C1520,436,Storstäder,22,5,1448,372243,6160227,1780.841627,137968.7535
338,1280,Malmö,1280C1760,264,Storstäder,22,5,1842,375721,6161593,3081.253377,338885.2434
339,1280,Malmö,1280C1880,89,Storstäder,22,5,966,377550,6161705,1714.234445,133209.182
340,1280,Malmö,1280C1860,711,Storstäder,22,5,2046,370146,6162064,2287.267016,252733.6013
341,1280,Malmö,1280C1900,663,Storstäder,22,5,1948,370146,6162064,2415.415734,300987.9954
342,1280,Malmö,1280C1930,340,Storstäder,22,5,1806,373305,6162990,1331.548111,97130.49671
343,1280,Malmö,1280C1850,518,Storstäder,22,5,1412,374651,6161154,3080.128746,458005.3738
344,1280,Malmö,1280C2680,356,Storstäder,22,5,1695,373305,6162990,4638.581999,704544.1524
345,1280,Malmö,1280C2600,1161,Storstäder,22,5,3027,380325,6162973,7624.985784,1819772.24
346,1280,Malmö,1280C2750,402,Storstäder,22,5,2136,375585,6164375,1540.807825,116481.0022
347,1280,Malmö,1280C2780,288,Storstäder,22,5,1623,374671,6163900,1321.345082,107111.2052
348,1280,Malmö,1280C2800,410,Storstäder,22,5,1635,374671,6163900,1207.060401,75081.04282
349,1280,Malmö,1280C2130,506,Storstäder,22,5,1802,373305,6162990,2320.024706,319011.8898
350,1280,Malmö,1280C2240,310,Storstäder,22,5,1824,374404,6162533,1472.317101,70641.30415
351,1280,Malmö,1280C2290,293,Storstäder,22,5,1661,374404,6162533,988.3453,58698.93405
352,1280,Malmö,1280C2200,371,Storstäder,22,5,1935,374404,6162533,2171.826627,195891.2595
353,1280,Malmö,1280C2230,215,Storstäder,22,5,1431,374404,6162533,1755.155187,129891.4789
354,1280,Malmö,1280C2300,460,Storstäder,22,5,1782,375721,6161593,1601.596444,107573.3098
355,1280,Malmö,1280C2310,316,Storstäder,22,5,1557,374404,6162533,1510.538769,80020.47575
356,1280,Malmö,1280C2080,2448,Storstäder,22,5,9007,370146,6162064,6488.772334,1478076.253
357,1280,Malmö,1280C2000,466,Storstäder,22,5,1757,375721,6161593,1454.700158,103276.4046
358,1280,Malmö,1280C1940,430,Storstäder,22,5,2446,374651,6161154,2157.639365,269724.3363
359,1280,Malmö,1280C1970,204,Storstäder,22,5,1514,374404,6162533,1492.440773,112502.8826
360,1280,Malmö,1280C1980,332,Storstäder,22,5,2132,375721,6161593,2114.53141,150763.0376
361,1280,Malmö,1280C2270,452,Storstäder,22,5,1703,373305,6162990,1729.190395,100200.7412
362,1280,Malmö,1280C1210,526,Storstäder,22,5,2097,374853,6159777,2176.178315,180909.0474
363,1280,Malmö,1280C1240,437,Storstäder,22,5,2112,374853,6159777,1247.60837,96889.34977
364,1280,Malmö,1280C2730,314,Storstäder,22,5,1525,374671,6163900,1352.434703,88110.50836
365,1280,Malmö,1280C1090,983,Storstäder,22,5,2444,369655,6157121,11415.97741,5499854.75
366,1280,Malmö,1280C1140,629,Storstäder,22,5,1453,369655,6157121,5657.607542,1635587.113
367,1280,Malmö,1280C2030,334,Storstäder,22,5,1310,373305,6162990,1467.364636,121744.1447
368,1280,Malmö,1280C2060,309,Storstäder,22,5,1468,374404,6162533,1227.723384,78030.38884
369,1280,Malmö,1280C2490,481,Storstäder,22,5,1667,373305,6162990,1631.968468,165704.1781
370,1280,Malmö,1280C2520,488,Storstäder,22,5,1977,373305,6162990,1327.420034,81664.98866
371,1280,Malmö,1280C2410,475,Storstäder,22,5,1520,373305,6162990,2192.906117,201964.1278
372,1280,Malmö,1280C2330,545,Storstäder,22,5,1304,370146,6162064,3199.575309,439884.1488
373,1280,Malmö,1280C2450,411,Storstäder,22,5,1551,373305,6162990,1072.078074,68051.01039
374,1280,Malmö,1280C2400,313,Storstäder,22,5,1725,374404,6162533,1664.786361,110516.6338
375,1280,Malmö,1280C2460,412,Storstäder,22,5,1719,373305,6162990,1473.486522,69143.01723
376,1280,Malmö,1280C2480,293,Storstäder,22,5,1379,373305,6162990,1235.280083,92793.5123
377,1280,Malmö,1280C2470,355,Storstäder,22,5,1777,374404,6162533,1126.090293,73096.2575
378,1280,Malmö,1280C2510,360,Storstäder,22,5,1612,374404,6162533,1050.120511,64731.69166
379,1280,Malmö,1280C2440,479,Storstäder,22,5,1496,375585,6164375,2067.996048,255248.7762
380,1280,Malmö,1280C1160,673,Storstäder,22,5,2146,369655,6157121,4809.553839,1095606.959
381,1280,Malmö,1280C2610,760,Storstäder,22,5,4072,375523,6164336,2868.513335,378733.3912
382,1280,Malmö,1280C2670,390,Storstäder,22,5,1887,374671,6163900,2288.291825,205676.4451
383,1280,Malmö,1280C2810,419,Storstäder,22,5,1979,375523,6164336,1440.098444,107356.6284
384,1280,Malmö,1280C2830,420,Storstäder,22,5,1456,377680,6165466,2683.178945,325834.0519
385,1280,Malmö,1280C2740,672,Storstäder,22,5,1673,377680,6165466,7456.442181,2139670.338
386,1280,Malmö,1280C1680,406,Storstäder,22,5,2039,374651,6161154,2871.43731,443715.3921
387,1280,Malmö,1280C1790,526,Storstäder,22,5,1622,370146,6162064,1665.894521,126318.9016
388,1280,Malmö,1280C1960,347,Storstäder,22,5,1488,375721,6161593,2902.138927,495050.3463
389,1280,Malmö,1280C2100,219,Storstäder,22,5,1574,374404,6162533,907.6604319,51546.92285
390,1280,Malmö,1280C2020,300,Storstäder,22,5,2149,377550,6161705,1819.563386,202644.1639
391,1280,Malmö,1280C2090,270,Storstäder,22,5,1720,374404,6162533,1014.850905,60225.16242
392,1280,Malmö,1280C2420,382,Storstäder,22,5,1469,373305,6162990,1216.74602,73615.98811
393,1280,Malmö,1280C2380,385,Storstäder,22,5,1860,374404,6162533,1666.50795,130700.7237
394,1280,Malmö,1280C2430,352,Storstäder,22,5,1387,373305,6162990,1412.544352,57267.46452
395,1280,Malmö,1280C2390,301,Storstäder,22,5,1594,374404,6162533,1276.474636,83200.62153
396,1280,Malmö,1280C2320,626,Storstäder,22,5,1486,370146,6162064,2724.034086,396866.2803
397,1280,Malmö,1280C1010,933,Storstäder,22,5,2074,376146,6150270,4376.860435,998994.4715
398,1280,Malmö,1280C1230,612,Storstäder,22,5,1819,374853,6159777,1947.263949,163773.1569
399,1280,Malmö,1280C1020,601,Storstäder,22,5,1431,367467,6154862,18235.66076,12104860.31
400,1280,Malmö,1280C1030,842,Storstäder,22,5,2137,367467,6154862,13750.23609,6628719.072
401,1280,Malmö,1280C1060,651,Storstäder,22,5,1622,379526,6156913,4173.480513,817918.2872
402,1280,Malmö,1280C1070,716,Storstäder,22,5,2200,379526,6156913,2994.082144,333209.2323
403,1280,Malmö,1280C1200,564,Storstäder,22,5,2169,368691,6159551,3972.69909,374306.4161
404,1280,Malmö,1280C1050,1251,Storstäder,22,5,2641,379526,6156913,11608.39521,4844429.817
405,1280,Malmö,1280C1260,480,Storstäder,22,5,1548,374853,6159777,3187.987291,313475.5625
406,1280,Malmö,1280C1040,958,Storstäder,22,5,2300,376445,6159051,26811.40971,19834251.34
407,1280,Malmö,1280C1100,728,Storstäder,22,5,1678,379526,6156913,2961.680516,521150.4717
408,1280,Malmö,1280C1310,402,Storstäder,22,5,1895,372243,6160227,2996.040334,406391.0018
409,1280,Malmö,1280C1080,627,Storstäder,22,5,1472,379526,6156913,7682.213895,2016848.383
410,1280,Malmö,1280C1170,790,Storstäder,22,5,3280,374853,6159777,4284.148601,788358.0425
411,1280,Malmö,1280C1130,899,Storstäder,22,5,2006,379526,6156913,8570.893999,2106991.375
412,1280,Malmö,1280C1110,957,Storstäder,22,5,2498,379526,6156913,13243.35638,3923959.328
413,1280,Malmö,1280C1120,446,Storstäder,22,5,1110,368691,6159551,13146.32398,5176007.23
414,1280,Malmö,1280C1190,953,Storstäder,22,5,2498,368691,6159551,4064.601053,813131.7787
415,1280,Malmö,1280C1610,621,Storstäder,22,5,1817,375721,6161593,3270.742709,469472.397
416,1280,Malmö,1280C1150,500,Storstäder,22,5,1516,374853,6159777,8403.213606,2269981.938
417,1280,Malmö,1280C1220,700,Storstäder,22,5,1681,372243,6160227,3536.768201,380160.4801
418,1280,Malmö,1280C1290,451,Storstäder,22,5,2167,374853,6159777,2621.584817,231720.482
419,1280,Malmö,1280C1300,538,Storstäder,22,5,1653,374853,6159777,1777.764489,168787.7611
420,1280,Malmö,1280C1870,524,Storstäder,22,5,1901,373305,6162990,1625.33069,151437.0235
421,1280,Malmö,1280C1920,439,Storstäder,22,5,1211,374404,6162533,1336.048146,99002.96128
422,1280,Malmö,1280C1280,706,Storstäder,22,5,1785,372243,6160227,4482.223216,504254.3749
423,1280,Malmö,1280C1250,759,Storstäder,22,5,1701,368691,6159551,8842.438377,3029994.066
424,1280,Malmö,1280C1320,362,Storstäder,22,5,2057,374853,6159777,1588.102706,134827.5135
425,1280,Malmö,1280C1180,703,Storstäder,22,5,1754,376445,6159051,13883.06623,6970211.698
426,1280,Malmö,1280C1270,1123,Storstäder,22,5,6527,372243,6160227,5930.782536,1759847.461
427,1280,Malmö,1280C1360,562,Storstäder,22,5,1519,374853,6159777,1011.733448,57978.69481
428,1280,Malmö,1280C1330,545,Storstäder,22,5,1460,374853,6159777,2143.349299,172240.3659
429,1280,Malmö,1280C1380,566,Storstäder,22,5,2448,374853,6159777,1694.512967,142776.0341
430,1280,Malmö,1280C1350,382,Storstäder,22,5,2071,374853,6159777,2738.471123,239067.6993
431,1280,Malmö,1280C1390,677,Storstäder,22,5,1891,374853,6159777,3332.65138,226234.197
432,1280,Malmö,1280C1460,416,Storstäder,22,5,1811,374853,6159777,1837.567378,125626.7108
433,1280,Malmö,1280C1430,394,Storstäder,22,5,2471,372243,6160227,2050.463466,216895.4034
434,1280,Malmö,1280C1420,585,Storstäder,22,5,1565,374651,6161154,2421.092874,187159.2724
435,1280,Malmö,1280C1370,891,Storstäder,22,5,2042,376445,6159051,3825.226419,751569.7404
436,1280,Malmö,1280C1410,558,Storstäder,22,5,1298,372243,6160227,3323.627334,545633.2324
437,1280,Malmö,1280C1470,419,Storstäder,22,5,1673,374853,6159777,1263.696278,76707.4774
438,1280,Malmö,1280C1400,800,Storstäder,22,5,2018,374853,6159777,3773.191602,740369.4309
439,1280,Malmö,1280C1340,1130,Storstäder,22,5,3436,372243,6160227,6014.917193,1609086.244
440,1280,Malmö,1280C1530,386,Storstäder,22,5,1873,374853,6159777,1776.720398,176754.4133
441,1280,Malmö,1280C1480,264,Storstäder,22,5,1458,372243,6160227,2967.981221,391597.4444
442,1280,Malmö,1280C1510,799,Storstäder,22,5,2360,375721,6161593,3662.115325,688848.3745
443,1280,Malmö,1280C1490,487,Storstäder,22,5,1300,374651,6161154,3238.221516,395801.6991
444,1280,Malmö,1280C1580,580,Storstäder,22,5,2041,374651,6161154,1596.620229,159532.0989
445,1280,Malmö,1280C1570,408,Storstäder,22,5,1284,374651,6161154,1911.409607,174257.9663
446,1280,Malmö,1280C1590,611,Storstäder,22,5,2050,374651,6161154,1936.569609,220680.8167
447,1280,Malmö,1280C1440,1132,Storstäder,22,5,3235,368691,6159551,5720.765096,1845231.129
448,1280,Malmö,1280C1600,273,Storstäder,22,5,1629,375721,6161593,2495.406993,212049.2689
449,1280,Malmö,1280C1620,471,Storstäder,22,5,1413,372243,6160227,1893.026714,217835.7255
450,1280,Malmö,1280C1700,416,Storstäder,22,5,2172,372243,6160227,1678.318143,165064.2205
451,1280,Malmö,1280C1500,557,Storstäder,22,5,1936,377550,6161705,4043.485424,850033.803
452,1280,Malmö,1280C1560,682,Storstäder,22,5,1918,370146,6162064,4238.835989,798261.9267
453,1280,Malmö,1280C1710,283,Storstäder,22,5,2062,374651,6161154,1555.852808,127075.3841
454,1280,Malmö,1280C1650,499,Storstäder,22,5,1360,372243,6160227,2727.846087,458344.0509
455,1280,Malmö,1280C1450,774,Storstäder,22,5,1698,377550,6161705,8194.09361,2277999.427
456,1280,Malmö,1280C1740,337,Storstäder,22,5,1970,375721,6161593,1963.540435,117879.1575
457,1280,Malmö,1280C1540,645,Storstäder,22,5,1444,368691,6159551,8156.955338,2793809.088
458,1280,Malmö,1280C1730,715,Storstäder,22,5,1681,377550,6161705,2771.841499,316363.5385
459,1280,Malmö,1280C1780,642,Storstäder,22,5,1529,377550,6161705,2472.334422,314181.9715
460,1280,Malmö,1280C1670,587,Storstäder,22,5,1425,372243,6160227,3923.238318,466502.5869
461,1280,Malmö,1280C1770,311,Storstäder,22,5,1448,375721,6161593,1917.048234,102121.296
462,1280,Malmö,1280C1800,297,Storstäder,22,5,1675,374651,6161154,1352.631896,95663.19402
463,1280,Malmö,1280C1660,594,Storstäder,22,5,1550,372243,6160227,3235.105756,433899.1407
464,1280,Malmö,1280C1840,366,Storstäder,22,5,1667,377550,6161705,1817.191574,156925.3815
465,1280,Malmö,1280C1830,310,Storstäder,22,5,1808,375721,6161593,1816.977166,133347.5287
466,1280,Malmö,1280C1550,944,Storstäder,22,5,2142,380325,6162973,19612.48524,10739377.84
467,1280,Malmö,1280C1820,607,Storstäder,22,5,2433,372243,6160227,2283.556179,242684.3099
468,1280,Malmö,1280C1810,667,Storstäder,22,5,1726,370146,6162064,2936.815433,503079.7669
469,1280,Malmö,1280C1890,301,Storstäder,22,5,1985,375721,6161593,1515.531752,135205.1182
470,1280,Malmö,1280C1950,660,Storstäder,22,5,1829,370146,6162064,3585.985998,462452.6376
471,1280,Malmö,1280C2160,376,Storstäder,22,5,1327,373305,6162990,1758.781027,104806.2288
472,1280,Malmö,1280C2250,369,Storstäder,22,5,1267,373305,6162990,1501.942263,109214.3883
473,1280,Malmö,1280C2220,281,Storstäder,22,5,1758,374404,6162533,1015.985576,61756.2659
474,1280,Malmö,1280C2260,254,Storstäder,22,5,1688,374404,6162533,1233.587838,69891.87555
475,1280,Malmö,1280C2530,835,Storstäder,22,5,1814,380325,6162973,4723.628525,808908.6844
476,1280,Malmö,1280C1990,763,Storstäder,22,5,1795,377550,6161705,3018.127488,569457.3189
477,1280,Malmö,1280C2050,438,Storstäder,22,5,1433,373305,6162990,2434.202717,341502.8711
478,1280,Malmö,1280C2110,254,Storstäder,22,5,1260,375721,6161593,1118.088478,69450.4639
479,1280,Malmö,1280C2140,172,Storstäder,22,5,1427,374404,6162533,1220.168939,52424.04077
480,1280,Malmö,1280C1910,207,Storstäder,22,5,1603,374404,6162533,3805.868547,595367.8925
481,1280,Malmö,1280C2070,466,Storstäder,22,5,1080,377550,6161705,2730.573537,350554.6763
482,1280,Malmö,1280C2150,418,Storstäder,22,5,1303,375721,6161593,1199.54163,88046.26695
483,1280,Malmö,1280C2180,403,Storstäder,22,5,1736,375721,6161593,1518.109062,101914.2074
484,1280,Malmö,1280C2170,336,Storstäder,22,5,1225,373305,6162990,1860.038556,101564.3415
485,1280,Malmö,1280C2040,756,Storstäder,22,5,1735,380325,6162973,3532.955056,444177.8034
486,1280,Malmö,1280C2120,901,Storstäder,22,5,2229,377550,6161705,4773.759441,752914.9137
487,1280,Malmö,1280C2350,352,Storstäder,22,5,1415,373305,6162990,1339.364268,68419.35768
488,1280,Malmö,1280C2360,471,Storstäder,22,5,1698,373305,6162990,1263.670311,84640.08998
489,1280,Malmö,1280C2370,388,Storstäder,22,5,1931,374404,6162533,1780.518436,121245.2694
490,1280,Malmö,1280C2190,380,Storstäder,22,5,1260,373305,6162990,3442.137675,670111.6603
491,1280,Malmö,1280C2280,597,Storstäder,22,5,2057,377550,6161705,6046.505881,1166680.821
492,1280,Malmö,1280C2570,343,Storstäder,22,5,1379,373305,6162990,875.5684881,48054.47061
493,1280,Malmö,1280C2540,332,Storstäder,22,5,1754,374404,6162533,1481.777997,102174.9517
494,1280,Malmö,1280C2550,678,Storstäder,22,5,1510,373305,6162990,2859.297001,322171.3771
495,1280,Malmö,1280C2580,261,Storstäder,22,5,1245,374671,6163900,1701.981588,116702.0373
496,1280,Malmö,1280C2650,422,Storstäder,22,5,1355,373305,6162990,1070.491468,66970.23207
497,1280,Malmö,1280C2210,957,Storstäder,22,5,2142,370146,6162064,7772.38522,1932249.437
498,1280,Malmö,1280C2560,227,Storstäder,22,5,1323,374671,6163900,1629.003746,150998.6908
499,1280,Malmö,1280C2590,506,Storstäder,22,5,1524,373305,6162990,2036.867813,107311.9308
500,1280,Malmö,1280C2620,490,Storstäder,22,5,1605,373305,6162990,1541.44251,87238.35154
501,1280,Malmö,1280C2500,352,Storstäder,22,5,2491,375523,6164336,3139.895115,588875.0967
502,1280,Malmö,1280C2340,749,Storstäder,22,5,2017,380325,6162973,6073.559473,1370271.932
503,1280,Malmö,1280C2630,628,Storstäder,22,5,1776,373305,6162990,1091.576492,67300.58072
504,1280,Malmö,1280C2660,328,Storstäder,22,5,1393,374671,6163900,1267.319364,79147.40567
505,1280,Malmö,1280C2690,381,Storstäder,22,5,1389,374671,6163900,2091.818429,173011.5215
506,1280,Malmö,1280C2720,309,Storstäder,22,5,1519,374671,6163900,1524.350263,118620.2532
507,1280,Malmö,1280C2700,434,Storstäder,22,5,1643,375585,6164375,1876.505599,214621.7472
508,1280,Malmö,1280C2010,705,Storstäder,22,5,1556,380325,6162973,14210.20615,8267008.729
509,1280,Malmö,1280C2770,329,Storstäder,22,5,1389,374671,6163900,1199.210094,73485.68245
510,1280,Malmö,1280C2640,430,Storstäder,22,5,1260,375585,6164375,4302.973207,577972.7278
511,1280,Malmö,1280C2790,253,Storstäder,22,5,1447,375523,6164336,2070.89653,185650.1164
512,1280,Malmö,1280C2760,411,Storstäder,22,5,1450,375585,6164375,3741.810681,464128.1823
513,1280,Malmö,1280C2820,345,Storstäder,22,5,1610,375585,6164375,1502.7972,116760.2644
514,1280,Malmö,1280C2710,505,Storstäder,22,5,1434,373148,6164717,7315.096899,2139886.411
515,1280,Malmö,1280C2860,428,Storstäder,22,5,1393,377680,6165466,1176.69348,64475.40916
516,1280,Malmö,1280C2850,567,Storstäder,22,5,2008,373148,6164717,2168.053632,262373.0056
517,1280,Malmö,1280C2840,508,Storstäder,22,5,1975,375585,6164375,3322.409798,476779.3856
518,1280,Malmö,1280C2890,430,Storstäder,22,5,1454,377680,6165466,1198.952986,70710.58816
519,1280,Malmö,1280C2880,1097,Storstäder,22,5,4527,373148,6164717,3539.740367,464694.4073
520,1280,Malmö,1280C2900,387,Storstäder,22,5,2110,373148,6164717,2052.574031,154687.3938
521,1280,Malmö,1280C2870,1304,Storstäder,22,5,4300,373148,6164717,6991.396573,1476937.334
522,1280,Malmö,1280C2910,584,Storstäder,22,5,2198,377680,6165466,8617.20875,1902426.884
523,1280,Malmö,1280C2920,400,Storstäder,22,5,1794,376617,6166264,16301.99977,13300923.7
524,1233,Vellinge,1233B2050,1182,Pendlingskommun nära storstad,29,4,2274,370713,6144299,14378.71727,6805468.855
525,1233,Vellinge,1233B3010,747,Pendlingskommun nära storstad,29,4,1275,364895,6142224,14308.18947,10386693.96
526,1233,Vellinge,1233B2010,1111,Pendlingskommun nära storstad,29,4,2155,370713,6144299,11108.93022,3039557.547
527,1233,Vellinge,1233B3030,1024,Pendlingskommun nära storstad,29,4,2098,364895,6142224,8642.326872,2318309.065
528,1233,Vellinge,1233B2060,938,Pendlingskommun nära storstad,29,4,1959,370713,6144299,5318.231409,1231950.484
529,1233,Vellinge,1233B3020,871,Pendlingskommun nära storstad,29,4,1668,364895,6142224,13040.82621,5987937.174
530,1233,Vellinge,1233B2040,1032,Pendlingskommun nära storstad,29,4,2265,370713,6144299,13070.49236,5599881.428
531,1233,Vellinge,1233B2020,917,Pendlingskommun nära storstad,29,4,1514,364895,6142224,14420.64756,9122021.471
532,1233,Vellinge,1233B2070,1286,Pendlingskommun nära storstad,29,4,2511,370713,6144299,9156.521516,1452694.097
533,1233,Vellinge,1233B2030,656,Pendlingskommun nära storstad,29,4,1287,370713,6144299,12903.51794,4402538.694
534,1233,Vellinge,1233B3040,1183,Pendlingskommun nära storstad,29,4,2465,364895,6142224,21958.93259,19605775.78
535,1233,Vellinge,1233B2080,918,Pendlingskommun nära storstad,29,4,1904,370713,6144299,20628.80884,11363016.78
536,1233,Vellinge,1233C1010,640,Pendlingskommun nära storstad,29,4,1347,376146,6150270,8736.83292,2629219.898
537,1233,Vellinge,1233C1030,1051,Pendlingskommun nära storstad,29,4,2337,376146,6150270,4711.748517,758263.7124
538,1233,Vellinge,1233C1020,786,Pendlingskommun nära storstad,29,4,1676,376146,6150270,8181.883105,2888449.854
539,1233,Vellinge,1233B4010,537,Pendlingskommun nära storstad,29,4,1027,387969,6152673,12930.76713,4332280.49
540,1233,Vellinge,1233C1040,1073,Pendlingskommun nära storstad,29,4,2102,376146,6150270,11412.39497,4127514.025
541,1233,Vellinge,1233C1050,867,Pendlingskommun nära storstad,29,4,1763,376146,6150270,8475.898264,3852335.756
542,1233,Vellinge,1233A0010,988,Pendlingskommun nära storstad,29,4,1687,370713,6144299,54312.25611,51975787.03
543,1233,Vellinge,1233A0020,555,Pendlingskommun nära storstad,29,4,905,376146,6150270,30637.50549,26224384.7
544,1233,Vellinge,1233B4020,861,Pendlingskommun nära storstad,29,4,1602,379526,6156913,26753.35708,16120275.34
545,1286,Ystad,1286C1090,690,Mindre stad/tätort,22,3,1605,413011,6151678,3121.229139,502517.6041
546,1286,Ystad,1286C1060,924,Mindre stad/tätort,22,3,2158,433090,6157355,3625.279089,714457.0151
547,1286,Ystad,1286C1070,1034,Mindre stad/tätort,22,3,2327,413011,6151678,4057.019946,879625.2374
548,1286,Ystad,1286C1020,747,Mindre stad/tätort,22,3,1779,413011,6151678,4771.390817,792451.9768
549,1286,Ystad,1286C1010,691,Mindre stad/tätort,22,3,1898,413011,6151678,4852.478057,817606.4593
550,1286,Ystad,1286C1030,769,Mindre stad/tätort,22,3,1678,413011,6151678,3576.531243,448512.9849
551,1286,Ystad,1286C1040,1605,Mindre stad/tätort,22,3,3376,413011,6151678,8220.57515,3351559.751
552,1286,Ystad,1286C1050,647,Mindre stad/tätort,22,3,1505,413011,6151678,3416.536928,539237.234
553,1286,Ystad,1286C1080,1008,Mindre stad/tätort,22,3,2514,433090,6157355,18623.28764,11177833.66
554,1286,Ystad,1286C1100,447,Mindre stad/tätort,22,3,884,413011,6151678,8622.944708,3863722.613
555,1286,Ystad,1286B2020,647,Mindre stad/tätort,22,3,1261,433090,6157355,6543.399688,1316240.035
556,1286,Ystad,1286B2010,934,Mindre stad/tätort,22,3,1682,433090,6157355,22734.8573,10608766.96
557,1286,Ystad,1286A0020,817,Mindre stad/tätort,22,3,1300,447316,6145328,37256.55044,61194564.4
558,1286,Ystad,1286A0010,721,Mindre stad/tätort,22,3,1169,447316,6145328,39024.56194,59240738.05
559,1286,Ystad,1286A0030,916,Mindre stad/tätort,22,3,1793,413011,6151678,36637.16519,42411779.4
560,1286,Ystad,1286C1110,942,Mindre stad/tätort,22,3,1905,433090,6157355,18499.70029,10668634.9
561,1286,Ystad,1286A0040,680,Mindre stad/tätort,22,3,1082,433090,6157355,74904.87027,53759510.17
562,1286,Ystad,1286A0050,636,Mindre stad/tätort,22,3,1010,413011,6151678,56319.5598,34719662.21
563,1286,Ystad,1286A0060,512,Mindre stad/tätort,22,3,788,433090,6157355,50504.28382,78579860.54
564,1282,Landskrona,1282C1070,593,Pendlingskommun nära större stad,25,3,2433,365295,6193583,2035.02587,191444.009
565,1282,Landskrona,1282C1080,688,Pendlingskommun nära större stad,25,3,2535,365295,6193583,2707.435367,215768.748
566,1282,Landskrona,1282C1160,806,Pendlingskommun nära större stad,25,3,1827,365295,6193583,3991.087807,764668.0406
567,1282,Landskrona,1282C1010,1277,Pendlingskommun nära större stad,25,3,2162,374488,6187464,32472.59728,26729519.38
568,1282,Landskrona,1282C1020,1419,Pendlingskommun nära större stad,25,3,2813,368607,6195414,8999.072995,3344252.878
569,1282,Landskrona,1282C1030,586,Pendlingskommun nära större stad,25,3,1196,368607,6195414,13387.26795,7012927.055
570,1282,Landskrona,1282C1040,852,Pendlingskommun nära större stad,25,3,2148,365295,6193583,14266.69223,10467366.26
571,1282,Landskrona,1282C1060,587,Pendlingskommun nära större stad,25,3,2335,365295,6193583,2417.406374,215292.6397
572,1282,Landskrona,1282C1150,335,Pendlingskommun nära större stad,25,3,1209,365295,6193583,1267.738126,97314.9839
573,1282,Landskrona,1282C1050,803,Pendlingskommun nära större stad,25,3,2569,365295,6193583,7877.334631,2241612.529
574,1282,Landskrona,1282C1100,758,Pendlingskommun nära större stad,25,3,2282,365295,6193583,3592.310736,477630.1797
575,1282,Landskrona,1282C1110,645,Pendlingskommun nära större stad,25,3,2055,365295,6193583,2397.63402,203430.8138
576,1282,Landskrona,1282C1090,663,Pendlingskommun nära större stad,25,3,1913,365295,6193583,6964.893556,2071325.839
577,1282,Landskrona,1282C1120,607,Pendlingskommun nära större stad,25,3,1390,365295,6193583,3760.345647,382223.1859
578,1282,Landskrona,1282C1140,440,Pendlingskommun nära större stad,25,3,1227,365295,6193583,1688.183631,168739.4688
579,1282,Landskrona,1282C1130,626,Pendlingskommun nära större stad,25,3,1769,365295,6193583,4284.27214,572084.5486
580,1282,Landskrona,1282B3010,999,Pendlingskommun nära större stad,25,3,1795,368607,6195414,9085.921595,5885599.145
581,1282,Landskrona,1282C1180,995,Pendlingskommun nära större stad,25,3,2123,365295,6193583,3340.853592,686102.2021
582,1282,Landskrona,1282C1200,702,Pendlingskommun nära större stad,25,3,2151,365295,6193583,7368.629074,1628446.65
583,1282,Landskrona,1282C1170,301,Pendlingskommun nära större stad,25,3,1080,365295,6193583,14103.60637,4777576.327
584,1282,Landskrona,1282C1190,1351,Pendlingskommun nära större stad,25,3,2795,365295,6193583,9237.366718,3172280.898
585,1282,Landskrona,1282A0010,1602,Pendlingskommun nära större stad,25,3,2642,368607,6195414,86296.6494,106311081.2
586,1282,Landskrona,1282B2010,1242,Pendlingskommun nära större stad,25,3,2555,358942,6209795,17897.59429,9875911.276
587,1287,Trelleborg,1287C1080,581,Pendlingskommun nära storstad,29,4,1776,383953,6140229,3124.633239,458814.9386
588,1287,Trelleborg,1287C1040,437,Pendlingskommun nära storstad,29,4,1299,383953,6140229,4737.973176,617730.0841
589,1287,Trelleborg,1287C1060,863,Pendlingskommun nära storstad,29,4,2476,383953,6140229,5429.703951,1341764.684
590,1287,Trelleborg,1287B2010,713,Pendlingskommun nära storstad,29,4,1307,397458,6140305,12541.35471,7783911.333
591,1287,Trelleborg,1287C1050,579,Pendlingskommun nära storstad,29,4,1826,383953,6140229,6075.530048,1429100.227
592,1287,Trelleborg,1287A0020,1057,Pendlingskommun nära storstad,29,4,1589,397458,6140305,33898.14891,49987139.29
593,1287,Trelleborg,1287C1010,1272,Pendlingskommun nära storstad,29,4,2262,383953,6140229,19221.6088,12794425.11
594,1287,Trelleborg,1287C1030,695,Pendlingskommun nära storstad,29,4,1808,383953,6140229,6280.07209,1367953.403
595,1287,Trelleborg,1287C1070,779,Pendlingskommun nära storstad,29,4,2066,383953,6140229,4840.610566,645853.4938
596,1287,Trelleborg,1287C1020,928,Pendlingskommun nära storstad,29,4,1639,383953,6140229,10782.57136,4702297.172
597,1287,Trelleborg,1287C1120,669,Pendlingskommun nära storstad,29,4,1681,383953,6140229,3064.207401,392459.7146
598,1287,Trelleborg,1287C1100,1116,Pendlingskommun nära storstad,29,4,2602,383953,6140229,4073.003071,689616.8901
599,1287,Trelleborg,1287C1130,522,Pendlingskommun nära storstad,29,4,1142,383953,6140229,2640.719727,243372.4888
600,1287,Trelleborg,1287B2020,1061,Pendlingskommun nära storstad,29,4,1630,397458,6140305,18610.62551,11687753.2
601,1287,Trelleborg,1287C1090,958,Pendlingskommun nära storstad,29,4,1953,383953,6140229,14778.17651,7125697.877
602,1287,Trelleborg,1287C1110,695,Pendlingskommun nära storstad,29,4,1452,383953,6140229,10334.4207,3279945.311
603,1287,Trelleborg,1287C1150,550,Pendlingskommun nära storstad,29,4,1233,383953,6140229,4141.813856,321693.1646
604,1287,Trelleborg,1287C1140,476,Pendlingskommun nära storstad,29,4,1110,383953,6140229,7416.645188,1051495.045
605,1287,Trelleborg,1287C1160,994,Pendlingskommun nära storstad,29,4,2030,383953,6140229,7836.486196,1301524.008
606,1287,Trelleborg,1287C1170,1091,Pendlingskommun nära storstad,29,4,2279,383953,6140229,8818.873934,2012145.473
607,1287,Trelleborg,1287C1180,1038,Pendlingskommun nära storstad,29,4,2135,383953,6140229,16506.72853,7411358.918
608,1287,Trelleborg,1287C1190,758,Pendlingskommun nära storstad,29,4,1593,383953,6140229,7654.890965,3760571.269
609,1287,Trelleborg,1287A0010,1093,Pendlingskommun nära storstad,29,4,1534,383953,6140229,48222.02499,72401592.52
610,1287,Trelleborg,1287B3010,1078,Pendlingskommun nära storstad,29,4,2146,397458,6140305,9650.141746,6658788.852
611,1287,Trelleborg,1287A0030,833,Pendlingskommun nära storstad,29,4,1271,383953,6140229,52460.66408,47404768.98
612,1287,Trelleborg,1287A0040,977,Pendlingskommun nära storstad,29,4,1482,383953,6140229,37547.58573,46851883.51
613,1287,Trelleborg,1287A0050,841,Pendlingskommun nära storstad,29,4,1328,401876,6150394,66693.53748,71269054.15
614,1265,Sjöbo,1265A0050,1025,Pendlingskommun nära större stad,25,3,1658,417086,6165077,40565.49283,50151160.11
615,1265,Sjöbo,1265A0040,775,Pendlingskommun nära större stad,25,3,1341,433090,6157355,39170.35081,54972212.94
616,1265,Sjöbo,1265B2010,970,Pendlingskommun nära större stad,25,3,1640,407932,6166551,15223.39572,12288672
617,1265,Sjöbo,1265A0010,892,Pendlingskommun nära större stad,25,3,1312,417086,6165077,91063.82069,112736074.4
618,1265,Sjöbo,1265C1010,1395,Pendlingskommun nära större stad,25,3,2469,417086,6165077,20184.27964,9313635.967
619,1265,Sjöbo,1265A0020,754,Pendlingskommun nära större stad,25,3,1061,417086,6165077,36523.97162,32949415.7
620,1265,Sjöbo,1265C1020,974,Pendlingskommun nära större stad,25,3,1965,417086,6165077,7282.812818,1314389.65
621,1265,Sjöbo,1265C1030,1093,Pendlingskommun nära större stad,25,3,2048,417086,6165077,13101.54478,5882092.478
622,1265,Sjöbo,1265C1040,1050,Pendlingskommun nära större stad,25,3,2225,417086,6165077,15245.38078,5765428.55
623,1265,Sjöbo,1265A0030,1117,Pendlingskommun nära större stad,25,3,1729,417086,6165077,63106.72498,90917676.64
624,1265,Sjöbo,1265A0060,690,Pendlingskommun nära större stad,25,3,1164,417086,6165077,57593.82625,73934253.04
625,1265,Sjöbo,1265A0070,594,Pendlingskommun nära större stad,25,3,935,440802,6179703,42811.23946,58424646.11
626,1230,Staffanstorp,1230A0020,300,Pendlingskommun nära storstad,29,4,843,385209,6175299,15630.62497,9801977.613
627,1230,Staffanstorp,1230C1030,997,Pendlingskommun nära storstad,29,4,2181,385764,6168045,4861.36707,709173.3254
628,1230,Staffanstorp,1230C1040,810,Pendlingskommun nära storstad,29,4,1814,385764,6168045,4442.299155,629475.9641
629,1230,Staffanstorp,1230C1010,1466,Pendlingskommun nära storstad,29,4,3134,388101,6164328,12625.20284,5822834.313
630,1230,Staffanstorp,1230C1050,1266,Pendlingskommun nära storstad,29,4,2667,385764,6168045,6125.566897,1187778.369
631,1230,Staffanstorp,1230C1060,968,Pendlingskommun nära storstad,29,4,1958,385764,6168045,5022.605778,1027865.554
632,1230,Staffanstorp,1230C1020,1252,Pendlingskommun nära storstad,29,4,2452,385764,6168045,11905.5695,4733821.054
633,1230,Staffanstorp,1230C1080,879,Pendlingskommun nära storstad,29,4,2033,385764,6168045,6984.94728,1098353.974
634,1230,Staffanstorp,1230C1070,968,Pendlingskommun nära storstad,29,4,1894,385764,6168045,15477.40115,9529909.766
635,1230,Staffanstorp,1230B2010,1116,Pendlingskommun nära storstad,29,4,2688,385764,6168045,9056.468868,2493657.59
636,1230,Staffanstorp,1230A0010,1164,Pendlingskommun nära storstad,29,4,2086,388101,6164328,76121.72746,64293409.27
637,1230,Staffanstorp,1230B2020,1196,Pendlingskommun nära storstad,29,4,3028,387433,6173395,16948.72311,6417201.087
638,1291,Simrishamn,1291A0020,526,Landsbygdskommun med besöksnäring,28,9,823,448115,6153012,55452.67086,48862177.23
639,1291,Simrishamn,1291B5010,503,Landsbygdskommun med besöksnäring,28,9,901,447316,6145328,8742.490591,5272647.039
640,1291,Simrishamn,1291B4010,571,Landsbygdskommun med besöksnäring,28,9,974,447316,6145328,14674.31996,10606057.13
641,1291,Simrishamn,1291B3010,560,Landsbygdskommun med besöksnäring,28,9,990,448115,6153012,10437.59576,6778836.949
642,1291,Simrishamn,1291C1010,651,Landsbygdskommun med besöksnäring,28,9,1206,448115,6153012,11289.25401,6363948.949
643,1291,Simrishamn,1291C1030,721,Landsbygdskommun med besöksnäring,28,9,1679,448115,6153012,4209.673775,580359.1368
644,1291,Simrishamn,1291C1020,1072,Landsbygdskommun med besöksnäring,28,9,2341,448115,6153012,17045.80878,7918124.764
645,1291,Simrishamn,1291B2010,598,Landsbygdskommun med besöksnäring,28,9,1090,448115,6153012,10090.28608,6355605.643
646,1291,Simrishamn,1291C1040,1006,Landsbygdskommun med besöksnäring,28,9,2114,448115,6153012,8513.246659,3579125.484
647,1291,Simrishamn,1291A0010,890,Landsbygdskommun med besöksnäring,28,9,1293,448115,6153012,92691.98936,95249650.15
648,1291,Simrishamn,1291A0030,681,Landsbygdskommun med besöksnäring,28,9,1116,448115,6153012,32030.21918,31721276.34
649,1291,Simrishamn,1291A0040,813,Landsbygdskommun med besöksnäring,28,9,1300,444356,6165648,43343.02721,53783950.82
650,1291,Simrishamn,1291A0050,644,Landsbygdskommun med besöksnäring,28,9,1142,444356,6165648,35376.15083,36473210.75
651,1291,Simrishamn,1291A0060,585,Landsbygdskommun med besöksnäring,28,9,973,444356,6165648,26589.09214,34629731.36
652,1291,Simrishamn,1291A0070,709,Landsbygdskommun med besöksnäring,28,9,1132,444356,6165648,56555.99897,69865461
653,1263,Svedala,1263C1040,964,Pendlingskommun nära storstad,29,4,2210,387969,6152673,3368.207727,623652.5457
654,1263,Svedala,1263B2020,1334,Pendlingskommun nära storstad,29,4,2904,388101,6164328,13651.08946,6547165.313
655,1263,Svedala,1263C1010,951,Pendlingskommun nära storstad,29,4,2294,387969,6152673,8608.579287,3520444.204
656,1263,Svedala,1263C1020,878,Pendlingskommun nära storstad,29,4,2049,387969,6152673,5556.10471,953438.669
657,1263,Svedala,1263C1050,991,Pendlingskommun nära storstad,29,4,2045,387969,6152673,4945.90148,803477.4701
658,1263,Svedala,1263C1030,663,Pendlingskommun nära storstad,29,4,1326,387969,6152673,13226.45516,6398207.693
659,1263,Svedala,1263C1060,715,Pendlingskommun nära storstad,29,4,1358,387969,6152673,16075.89049,9116107.704
660,1263,Svedala,1263C1070,1128,Pendlingskommun nära storstad,29,4,2157,387969,6152673,8166.492226,3062271.618
661,1263,Svedala,1263B2010,844,Pendlingskommun nära storstad,29,4,1780,388101,6164328,3356.409495,606625.4075
662,1263,Svedala,1263B3010,1213,Pendlingskommun nära storstad,29,4,2380,388101,6164328,8938.309733,5534214.574
663,1263,Svedala,1263A0010,650,Pendlingskommun nära storstad,29,4,1008,388101,6164328,71100.28539,65667793.64
664,1263,Svedala,1263A0020,1050,Pendlingskommun nära storstad,29,4,1777,388101,6164328,99071.50027,125230733.1
665,1285,Eslöv,1285C1060,934,Pendlingskommun nära större stad,25,3,2101,394606,6187265,3985.825085,854773.4932
666,1285,Eslöv,1285A0010,1345,Pendlingskommun nära större stad,25,3,2162,408706,6184429,72237.24784,81136777.36
667,1285,Eslöv,1285A0020,502,Pendlingskommun nära större stad,25,3,842,395923,6176843,36470.41237,26626350.69
668,1285,Eslöv,1285B5010,617,Pendlingskommun nära större stad,25,3,1076,395923,6176843,8607.826696,4659815.577
669,1285,Eslöv,1285B3010,720,Pendlingskommun nära större stad,25,3,1335,408706,6184429,14310.48095,7978933.162
670,1285,Eslöv,1285C1030,770,Pendlingskommun nära större stad,25,3,2185,394606,6187265,4341.441424,482083.923
671,1285,Eslöv,1285C1010,777,Pendlingskommun nära större stad,25,3,2442,394606,6187265,8072.948766,2149659.206
672,1285,Eslöv,1285C1040,999,Pendlingskommun nära större stad,25,3,2121,394606,6187265,6407.638398,1366837.305
673,1285,Eslöv,1285C1090,874,Pendlingskommun nära större stad,25,3,2261,394606,6187265,6799.943869,2397012.507
674,1285,Eslöv,1285A0040,911,Pendlingskommun nära större stad,25,3,1468,394606,6187265,49544.55682,65118665.1
675,1285,Eslöv,1285C1020,923,Pendlingskommun nära större stad,25,3,2293,394606,6187265,11083.33154,3777052.118
676,1285,Eslöv,1285C1050,603,Pendlingskommun nära större stad,25,3,1858,394606,6187265,9597.784677,5218948.403
677,1285,Eslöv,1285A0030,419,Pendlingskommun nära större stad,25,3,799,394606,6187265,39278.9836,35887442.38
678,1285,Eslöv,1285C1070,1103,Pendlingskommun nära större stad,25,3,2250,394606,6187265,7040.605501,2204480.343
679,1285,Eslöv,1285C1080,1060,Pendlingskommun nära större stad,25,3,2971,394606,6187265,6769.532624,1599573.813
680,1285,Eslöv,1285B2010,956,Pendlingskommun nära större stad,25,3,1827,380660,6195857,12525.55093,7079037.356
681,1285,Eslöv,1285B4010,646,Pendlingskommun nära större stad,25,3,1443,404851,6200662,8524.152068,5451440.678
682,1285,Eslöv,1285A0050,791,Pendlingskommun nära större stad,25,3,1186,380660,6195857,69924.29696,66791952.92
683,1285,Eslöv,1285A0060,683,Pendlingskommun nära större stad,25,3,1091,394606,6187265,65802.13097,64272278.04
684,1285,Eslöv,1285A0070,605,Pendlingskommun nära större stad,25,3,990,404851,6200662,34669.02087,41391839.58
685,1264,Skurup,1264B3010,804,Pendlingskommun nära storstad,29,4,1466,413011,6151678,10892.53022,8144555.269
686,1264,Skurup,1264A0010,715,Pendlingskommun nära storstad,29,4,1231,413011,6151678,23229.77755,20943546.39
687,1264,Skurup,1264C1010,1007,Pendlingskommun nära storstad,29,4,2413,401876,6150394,9944.387008,4403485.05
688,1264,Skurup,1264A0020,735,Pendlingskommun nära storstad,29,4,1076,401876,6150394,44267.15091,47146069.21
689,1264,Skurup,1264C1040,1208,Pendlingskommun nära storstad,29,4,2607,401876,6150394,9376.988263,3426305.151
690,1264,Skurup,1264C1020,964,Pendlingskommun nära storstad,29,4,2089,401876,6150394,9185.778934,2923877.498
691,1264,Skurup,1264B2010,862,Pendlingskommun nära storstad,29,4,1626,413011,6151678,11785.81308,8127941.356
692,1264,Skurup,1264C1030,931,Pendlingskommun nära storstad,29,4,2200,401876,6150394,15665.72218,7266139.496
693,1264,Skurup,1264A0030,593,Pendlingskommun nära storstad,29,4,906,413011,6151678,67876.49155,51275062.34
694,1264,Skurup,1264A0040,725,Pendlingskommun nära storstad,29,4,1117,401876,6150394,60136.81983,47497293.35
695,1231,Burlöv,1231C1010,640,Pendlingskommun nära storstad,29,4,1605,377680,6165466,1752.895592,166256.2503
696,1231,Burlöv,1231C1030,527,Pendlingskommun nära storstad,29,4,1514,377680,6165466,2074.103644,170242.6542
697,1231,Burlöv,1231C1020,922,Pendlingskommun nära storstad,29,4,2623,377680,6165466,6036.239625,957759.7151
698,1231,Burlöv,1231C1050,710,Pendlingskommun nära storstad,29,4,2322,377680,6165466,4805.189854,504707.6184
699,1231,Burlöv,1231C1040,814,Pendlingskommun nära storstad,29,4,2156,377680,6165466,19257.65314,10283148.79
700,1231,Burlöv,1231C1060,743,Pendlingskommun nära storstad,29,4,1748,376617,6166264,8827.288049,1398761.488
701,1231,Burlöv,1231C1070,558,Pendlingskommun nära storstad,29,4,1449,377680,6165466,12273.24103,1517501.838
702,1231,Burlöv,1231C1080,937,Pendlingskommun nära storstad,29,4,2137,377680,6165466,5219.993824,1161958.819
703,1231,Burlöv,1231C1090,981,Pendlingskommun nära storstad,29,4,2195,385764,6168045,8550.914183,2192367.237
704,1231,Burlöv,1231C1100,996,Pendlingskommun nära storstad,29,4,2133,377680,6165466,4153.624495,936106.6344
705,1270,Tomelilla,1270C1010,1240,Pendlingskommun nära mindre tätort,33,5,2357,433090,6157355,7231.95343,2024465.844
706,1270,Tomelilla,1270C1020,691,Pendlingskommun nära mindre tätort,33,5,1929,433090,6157355,2839.345692,516642.6904
707,1270,Tomelilla,1270C1030,477,Pendlingskommun nära mindre tätort,33,5,963,433090,6157355,2850.63332,551702.8318
708,1270,Tomelilla,1270C1040,1238,Pendlingskommun nära mindre tätort,33,5,2211,433090,6157355,28140.36388,16569879.68
709,1270,Tomelilla,1270A0010,1499,Pendlingskommun nära mindre tätort,33,5,2313,433090,6157355,82441.17758,144349035.9
710,1270,Tomelilla,1270A0020,1349,Pendlingskommun nära mindre tätort,33,5,2111,433090,6157355,55458.15933,86768988.87
711,1270,Tomelilla,1270A0030,1203,Pendlingskommun nära mindre tätort,33,5,1928,440802,6179703,73847.57621,145953251.1
712,1262,Lomma,1262C1020,846,Pendlingskommun nära storstad,29,4,1798,376617,6166264,4952.694826,1238015.366
713,1262,Lomma,1262C1010,690,Pendlingskommun nära storstad,29,4,1684,375989,6166436,17981.89345,9603863.449
714,1262,Lomma,1262C1030,775,Pendlingskommun nära storstad,29,4,1749,376617,6166264,7265.869919,2440401.171
715,1262,Lomma,1262C1040,823,Pendlingskommun nära storstad,29,4,1902,376617,6166264,3616.96185,700134.9599
716,1262,Lomma,1262C1050,1184,Pendlingskommun nära storstad,29,4,2536,375989,6166436,5076.394186,999465.132
717,1262,Lomma,1262C1060,908,Pendlingskommun nära storstad,29,4,2201,383970,6176664,3282.670088,640680.7932
718,1262,Lomma,1262C1070,1051,Pendlingskommun nära storstad,29,4,2328,383970,6176664,18267.06217,9001607.479
719,1262,Lomma,1262C1080,811,Pendlingskommun nära storstad,29,4,1692,375449,6178861,7927.103241,1829502.206
720,1262,Lomma,1262C1090,1120,Pendlingskommun nära storstad,29,4,2295,375449,6178861,7128.391811,2202176.291
721,1262,Lomma,1262C1100,1270,Pendlingskommun nära storstad,29,4,2508,375449,6178861,29808.43562,26482264.84
722,1262,Lomma,1262C1120,966,Pendlingskommun nära storstad,29,4,2093,375449,6178861,16224.80589,7397570.99
723,1262,Lomma,1262C1110,955,Pendlingskommun nära storstad,29,4,1935,375449,6178861,13272.44629,4580970.663
724,1261,Kävlinge,1261C1070,644,Pendlingskommun nära storstad,29,4,1694,381655,6183187,3658.648943,500337.3563
725,1261,Kävlinge,1261C1090,696,Pendlingskommun nära storstad,29,4,1321,381655,6183187,6482.039706,2166654.717
726,1261,Kävlinge,1261B2010,963,Pendlingskommun nära storstad,29,4,1890,375449,6178861,6016.077578,976326.7611
727,1261,Kävlinge,1261B2020,1171,Pendlingskommun nära storstad,29,4,2308,373816,6182905,5218.975917,1039003.851
728,1261,Kävlinge,1261C1010,830,Pendlingskommun nära storstad,29,4,1619,381655,6183187,8579.566146,4622723.587
729,1261,Kävlinge,1261B2040,887,Pendlingskommun nära storstad,29,4,1934,373816,6182905,10945.28764,4636478.487
730,1261,Kävlinge,1261B2030,1293,Pendlingskommun nära storstad,29,4,2377,373816,6182905,18779.50869,11065414.23
731,1261,Kävlinge,1261C1030,762,Pendlingskommun nära storstad,29,4,1689,381655,6183187,6084.082714,1226971.521
732,1261,Kävlinge,1261C1020,704,Pendlingskommun nära storstad,29,4,1417,381655,6183187,10308.92411,3998804.748
733,1261,Kävlinge,1261A0030,712,Pendlingskommun nära storstad,29,4,1127,390969,6183874,34148.71443,32574426.89
734,1261,Kävlinge,1261A0020,609,Pendlingskommun nära storstad,29,4,956,373816,6182905,64527.53587,36558822.76
735,1261,Kävlinge,1261C1040,591,Pendlingskommun nära storstad,29,4,1586,381655,6183187,11435.59452,2566474.109
736,1261,Kävlinge,1261C1050,771,Pendlingskommun nära storstad,29,4,1506,381655,6183187,6503.168864,1374700.4
737,1261,Kävlinge,1261C1060,693,Pendlingskommun nära storstad,29,4,1388,381655,6183187,8044.45954,1852393.737
738,1261,Kävlinge,1261C1080,1305,Pendlingskommun nära storstad,29,4,3041,381655,6183187,10271.62711,3188513.903
739,1261,Kävlinge,1261B2050,1414,Pendlingskommun nära storstad,29,4,2491,373816,6182905,14897.12009,8169657.83
740,1261,Kävlinge,1261A0010,402,Pendlingskommun nära storstad,29,4,669,370188,6180003,42363.51164,37878249.96
741,1261,Kävlinge,1261B2060,966,Pendlingskommun nära storstad,29,4,1759,374488,6187464,17313.88501,5303865.043
742,1261,Kävlinge,1261B2070,959,Pendlingskommun nära storstad,29,4,1698,374488,6187464,28843.67272,13696426.01
743,1266,Hörby,1266A0010,1154,Pendlingskommun nära större stad,25,3,1688,408706,6184429,40932.18402,73089849.23
744,1266,Hörby,1266A0020,736,Pendlingskommun nära större stad,25,3,1157,435014,6191255,48246.83608,97038697.79
745,1266,Hörby,1266A0030,598,Pendlingskommun nära större stad,25,3,928,416947,6190685,43208.21548,52679522.01
746,1266,Hörby,1266C1010,840,Pendlingskommun nära större stad,25,3,1623,416947,6190685,12947.86982,6348051.607
747,1266,Hörby,1266C1040,810,Pendlingskommun nära större stad,25,3,1931,416947,6190685,7042.531034,2557852.698
748,1266,Hörby,1266C1020,1098,Pendlingskommun nära större stad,25,3,2448,416947,6190685,10925.93598,5907810.467
749,1266,Hörby,1266C1030,1043,Pendlingskommun nära större stad,25,3,2074,416947,6190685,15797.94215,6577904.404
750,1266,Hörby,1266A0040,647,Pendlingskommun nära större stad,25,3,1031,416947,6190685,50225.9774,78574868.92
751,1266,Hörby,1266B2010,876,Pendlingskommun nära större stad,25,3,1484,416947,6190685,18582.25831,10847200.68
752,1266,Hörby,1266A0050,869,Pendlingskommun nära större stad,25,3,1354,416947,6190685,61888.80371,101209872.4
753,1214,Svalöv,1214B2010,941,Pendlingskommun nära större stad,25,3,1986,380660,6195857,9256.934335,6050253.142
754,1214,Svalöv,1214B4010,641,Pendlingskommun nära större stad,25,3,1125,380660,6195857,12467.25815,7752814.582
755,1214,Svalöv,1214A0010,687,Pendlingskommun nära större stad,25,3,968,380660,6195857,63079.8419,43497674.63
756,1214,Svalöv,1214C1020,949,Pendlingskommun nära större stad,25,3,2171,380660,6195857,14587.72912,5687529.926
757,1214,Svalöv,1214C1010,965,Pendlingskommun nära större stad,25,3,2111,380660,6195857,9326.968162,3217511.033
758,1214,Svalöv,1214A0020,1135,Pendlingskommun nära större stad,25,3,1844,380660,6195857,82567.4791,108045756.4
759,1214,Svalöv,1214B3010,876,Pendlingskommun nära större stad,25,3,1617,380660,6195857,10328.18782,7573193.991
760,1214,Svalöv,1214A0040,599,Pendlingskommun nära större stad,25,3,1099,404851,6200662,25578.03308,26767659.8
761,1214,Svalöv,1214A0030,1035,Pendlingskommun nära större stad,25,3,1545,385246,6220091,112841.087,181453587
762,1267,Höör,1267A0010,1014,Pendlingskommun nära mindre tätort,33,5,1666,408706,6184429,50954.64097,79314511.82
763,1267,Höör,1267C1060,1075,Pendlingskommun nära mindre tätort,33,5,2116,404851,6200662,36393.53739,18097419.16
764,1267,Höör,1267C1010,1119,Pendlingskommun nära mindre tätort,33,5,1909,404851,6200662,33860.18425,18721598.54
765,1267,Höör,1267C1020,1007,Pendlingskommun nära mindre tätort,33,5,2301,404851,6200662,6933.3496,2328515.729
766,1267,Höör,1267C1030,925,Pendlingskommun nära mindre tätort,33,5,1996,404851,6200662,8919.461757,1833937.482
767,1267,Höör,1267C1050,856,Pendlingskommun nära mindre tätort,33,5,2225,404851,6200662,5926.426211,1195284.976
768,1267,Höör,1267C1040,1028,Pendlingskommun nära mindre tätort,33,5,2183,404851,6200662,9840.704798,4158997.082
769,1267,Höör,1267C1070,576,Pendlingskommun nära mindre tätort,33,5,988,418693,6205881,18605.7973,13096269.53
770,1267,Höör,1267A0020,1235,Pendlingskommun nära mindre tätort,33,5,1913,404851,6200662,110611.1137,182462549.8
771,1260,Bjuv,1260B2010,1123,Pendlingskommun nära större stad,25,3,1937,368329,6216038,31977.80665,21304761.22
772,1260,Bjuv,1260A0010,1011,Pendlingskommun nära större stad,25,3,1757,368329,6216038,25250.83012,12731525.32
773,1260,Bjuv,1260A0020,1002,Pendlingskommun nära större stad,25,3,2342,368329,6216038,22810.1623,18641048.57
774,1260,Bjuv,1260C1010,980,Pendlingskommun nära större stad,25,3,1804,368329,6216038,18361.80175,8120171.838
775,1260,Bjuv,1260A0030,1239,Pendlingskommun nära större stad,25,3,2002,371588,6221705,35499.40878,41488665.3
776,1260,Bjuv,1260C1020,723,Pendlingskommun nära större stad,25,3,1814,368329,6216038,8968.709165,2808010.251
777,1260,Bjuv,1260C1030,1074,Pendlingskommun nära större stad,25,3,1941,368329,6216038,9297.996952,3898592.096
778,1260,Bjuv,1260C1040,1171,Pendlingskommun nära större stad,25,3,2465,371588,6221705,16936.45821,7556811.049
779,1277,Åstorp,1277C1040,544,Pendlingskommun nära större stad,25,3,1640,371588,6221705,3100.418724,423270.1708
780,1277,Åstorp,1277B3010,1081,Pendlingskommun nära större stad,25,3,2062,385246,6220091,13489.40322,9426229.56
781,1277,Åstorp,1277B2010,1335,Pendlingskommun nära större stad,25,3,2567,368329,6216038,17144.97641,10377055.8
782,1277,Åstorp,1277C1020,756,Pendlingskommun nära större stad,25,3,1574,371588,6221705,7666.276506,2888151.763
783,1277,Åstorp,1277C1050,802,Pendlingskommun nära större stad,25,3,2050,371588,6221705,3635.291466,602462.0381
784,1277,Åstorp,1277C1010,478,Pendlingskommun nära större stad,25,3,865,371588,6221705,17233.2527,7790505.765
785,1277,Åstorp,1277C1030,1137,Pendlingskommun nära större stad,25,3,2086,371588,6221705,11091.36062,5623028.714
786,1277,Åstorp,1277C1070,771,Pendlingskommun nära större stad,25,3,1642,371588,6221705,8408.488843,1513818.267
787,1277,Åstorp,1277C1060,535,Pendlingskommun nära större stad,25,3,1092,371588,6221705,13636.67458,3262330.795
788,1277,Åstorp,1277A0010,518,Pendlingskommun nära större stad,25,3,763,371588,6221705,57724.59905,51153540.56
