,mean,max,25%,50%,75%,95%,std
1256B2010,233.7989611872146,801.5999999999997,86.50000000000001,186.05000000000004,355.525,559.4049999999996,170.81690709856295
1256B2020,180.59764840182646,707.1999999999998,65.7,145.70000000000002,275.75000000000006,426.80499999999995,132.70193073835472
1256A0010,200.73691780821918,750.1999999999997,74.625,160.20000000000002,306.725,480.60499999999973,148.44218876245182
1256C1010,182.85351598173517,829.3999999999997,65.7,144.8,282.025,437.20499999999987,135.64257240037918
1256C1020,219.97970319634703,879.8999999999999,82.1,187.0,332.82500000000005,507.4049999999999,158.03210265620893
1256A0020,141.4705251141553,597.3,49.4,113.4,216.75,347.5,107.94440406075279
1256B4010,152.70343607305935,518.3999999999996,57.7,120.0,231.625,372.61499999999967,114.48551904433083
1256B3010,193.4045205479452,733.4999999999999,69.0,158.05,298.0,452.22499999999974,140.98824587753253
1256A0030,175.90867579908675,710.5999999999998,64.67499999999998,141.60000000000002,271.5,421.5999999999998,130.2932800859525
1256B5010,183.93654109589042,751.6999999999999,65.3,152.75,280.625,431.10999999999973,134.61516752717864
1292A0010,137.47729452054796,630.1,49.8,108.8,212.20000000000005,333.80499999999995,104.25025642459634
1292C1050,206.04649543379,739.1999999999998,76.10000000000001,174.3,312.04999999999995,480.40499999999986,147.79729929768862
1292C1010,242.29759132420085,918.6999999999996,89.3,194.95000000000005,370.9999999999999,575.1999999999998,176.8313129155675
1292C1020,297.96666666666664,1041.7999999999995,113.25,250.60000000000005,452.19999999999993,691.7049999999995,211.25892661173742
1292C1040,250.244703196347,877.4999999999995,90.7,199.05,381.6499999999999,603.0049999999994,184.92160699145273
1292C1090,179.31125570776257,1007.3,61.3,152.60000000000002,273.29999999999995,422.2099999999999,133.84045900100463
1292C1080,211.8464497716895,810.0999999999998,75.675,172.85000000000002,324.65,504.50499999999994,155.05170076752347
1292A0020,194.0048173515982,683.6999999999997,71.8,151.65,297.525,469.8,145.02063628214304
1292C1060,254.20660958904102,884.8999999999995,94.0,202.25,387.2,602.8099999999996,184.82745785028035
1292B2010,268.0182077625571,859.6999999999997,97.275,211.7,414.675,647.2099999999996,198.13064508714123
1292C1100,239.8636415525114,892.7999999999996,90.00000000000001,197.50000000000003,364.325,560.4999999999998,172.34737916127443
1292C1120,235.57923515981733,897.2999999999995,87.1,191.75000000000003,359.82500000000005,554.0099999999996,170.7467315047139
1292C1110,274.9158675799086,947.8999999999996,104.5,222.64999999999998,418.85,644.0999999999996,197.50872797662478
1292B2020,248.39486301369863,932.5999999999996,91.35000000000001,203.55,379.225,579.0999999999997,178.8123191663623
1292C1150,278.08063926940633,912.3999999999996,102.3,218.15000000000003,427.29999999999984,666.4049999999995,204.20011682297584
1292C1130,231.29739726027395,1121.1,83.7,193.95000000000005,350.875,541.7099999999998,167.74769641298138
1292C1140,263.54800228310495,875.3999999999994,98.275,211.20000000000002,403.79999999999995,623.8999999999996,191.18318082848577
1292B3010,147.14061643835618,681.8999999999999,53.3,119.8,225.62500000000003,351.00499999999994,109.1987316523522
1292A0040,279.86672374429213,991.9999999999994,102.1,223.60000000000002,426.8249999999998,670.4999999999995,205.58630942588465
1292B3020,136.64148401826486,527.4999999999998,49.9,107.80000000000001,213.625,330.40999999999985,102.9415655222474
1292A0030,346.47529680365284,1137.0999999999997,128.20000000000002,273.30000000000007,536.0999999999997,819.2049999999992,251.9797705783313
1292C1030,187.35779680365295,665.4999999999997,68.6,149.0,286.9,451.1099999999998,138.89742296098765
1292C1070,178.43583333333336,700.8999999999999,64.8,142.0,274.75000000000006,426.1999999999998,132.94671580480326
1292B4010,183.68445205479452,679.3999999999995,68.3,144.60000000000002,279.325,443.5049999999998,137.10962512785994
1293A0030,275.44890410958897,905.5999999999996,107.20000000000002,221.14999999999998,420.29999999999984,644.9999999999997,195.23705533515465
1293A0060,244.54285388127846,856.9999999999999,95.9,199.90000000000003,373.7750000000001,559.2999999999996,171.25411486724164
1293B7010,256.3964840182648,930.7999999999996,100.6,207.3,391.725,595.5099999999996,181.20004475109766
1293B4010,188.08535388127854,709.2999999999997,72.6,148.2,287.65,443.8999999999998,136.0156366431864
1293A0050,283.03356164383564,1036.4,110.475,238.10000000000002,429.25,639.8099999999994,195.8633249923263
1293A0040,238.54119863013696,827.5999999999993,93.2,188.10000000000002,365.5,564.1049999999998,171.55488000544764
1293B4020,238.32381278538807,797.0999999999997,92.95,188.35000000000002,367.32499999999993,564.6149999999994,171.664969551312
1293A0070,177.7998287671233,661.5999999999999,67.3,141.55,273.85,421.1099999999998,128.59282944136515
1293B6010,252.50431506849313,819.1999999999995,100.0,203.00000000000003,386.825,586.4349999999991,178.78225683093544
1293A0080,236.57378995433785,801.9999999999995,91.20000000000002,185.5,362.0999999999999,560.1999999999997,169.99783866720534
1293B5010,237.39215753424654,796.2999999999995,90.7,188.7,364.32499999999993,564.0049999999995,172.50778755765006
1293B3020,304.06930365296796,1017.2999999999996,117.17500000000004,244.30000000000004,461.5499999999998,715.0049999999995,217.20489015725684
1293B3010,193.6950684931507,717.1999999999998,75.30000000000001,158.10000000000002,295.5,447.5149999999998,137.08472513852274
1293A0010,286.7834817351598,975.7999999999994,109.50000000000003,230.6,442.3999999999999,667.6999999999996,204.33972809431347
1293B3030,163.14594748858448,718.0999999999998,61.7,131.3,249.62500000000006,384.0999999999999,118.57603492472526
1293B8010,183.5003082191781,668.0999999999999,72.175,147.0,279.42499999999995,431.19999999999976,130.8508328855924
1293C1020,203.9028424657534,764.8999999999997,77.4,161.85000000000002,312.22499999999997,478.20499999999987,146.47123697353481
1293C1010,261.46812785388124,821.6999999999997,101.5,209.8,400.79999999999984,608.8249999999992,186.1816503583607
1293C1030,146.22503424657535,525.4999999999995,54.7,116.45000000000002,226.22500000000005,345.8999999999999,107.13201304985915
1293C1050,203.73351598173514,682.9999999999997,79.5,161.1,311.1,481.10499999999985,146.07656562716002
1293C1060,168.20534246575343,741.6999999999998,65.19999999999999,133.9,256.40000000000003,397.90499999999986,121.73006888682916
1293C1040,177.30859589041097,714.6999999999997,68.3,141.60000000000002,270.3,417.8999999999999,127.71843225796482
1293B2010,205.36220319634702,802.8999999999997,78.9,167.50000000000003,313.025,473.9999999999999,145.40637464171138
1293C1090,264.99353881278535,859.4999999999995,100.57499999999999,210.90000000000003,407.7249999999999,626.1149999999993,190.95232269216854
1293B2020,251.14594748858443,890.1999999999996,97.7,198.35000000000002,384.3999999999999,587.4999999999995,178.76930674581712
1293C1110,204.18371004566208,786.9999999999997,78.7,163.70000000000002,311.625,478.0049999999998,147.4962127205874
1293C1100,185.01463470319635,740.2999999999998,68.9,151.70000000000002,282.32500000000005,436.3999999999999,134.40602693253126
1293B2030,237.57097031963465,828.3999999999994,92.60000000000002,191.85000000000002,360.42499999999995,555.8999999999996,169.1083088966562
1293C1130,235.75439497716891,820.2999999999997,90.6,186.10000000000002,360.6999999999999,556.1999999999996,169.4158982290587
1293C1120,264.2966438356164,866.6999999999995,101.4,211.20000000000005,404.8999999999999,622.5999999999996,189.97775008115187
1293C1070,326.77777397260263,1033.999999999999,125.87500000000001,257.5,504.1249999999998,768.7049999999994,234.34236888058086
1293C1080,228.3821232876712,792.1999999999998,87.30000000000001,182.75,347.8999999999999,538.9049999999995,163.85457238225143
1293A0020,298.7477168949771,1098.9999999999995,118.00000000000003,234.40000000000003,453.52499999999986,702.5049999999995,211.78971994074962
1284C1060,240.76130136986296,874.4999999999997,90.2,194.2,369.92499999999995,563.7049999999995,173.8427687659644
1284C1070,244.62450913242006,1036.5999999999997,92.70000000000002,196.40000000000003,374.8,577.7999999999998,177.31761907639827
1284C1080,180.03624429223746,765.7999999999996,67.8,141.20000000000002,274.70000000000005,432.79999999999984,134.0324176486999
1284C1090,208.3560616438356,722.8999999999995,76.10000000000001,162.50000000000003,317.94999999999993,509.3999999999997,155.94273205141158
1284C1110,174.12667808219177,683.4999999999998,64.3,136.90000000000003,265.82500000000005,422.0049999999998,130.09171570193263
1284C1100,211.22263698630135,828.8999999999997,78.30000000000001,167.70000000000005,321.29999999999995,510.3049999999997,155.98530573308798
1284B2010,125.56534246575345,516.3000000000001,46.7,98.35,190.60000000000002,305.8,95.00098204525008
1284A0010,247.68767123287665,843.3999999999995,92.8,197.10000000000005,379.625,591.8149999999996,181.64628168068293
1284C1120,246.48972602739727,881.9999999999998,90.6,198.1,375.1499999999999,591.0049999999997,180.78941360495247
1284A0030,136.24304794520552,697.4000000000001,49.5,111.0,206.5,330.5999999999999,102.61195338879696
1284B2020,191.30141552511415,741.3999999999999,69.1,152.10000000000002,292.825,460.5049999999997,142.33952033922014
1284A0020,230.09686073059356,955.7999999999996,83.875,185.8,351.65000000000003,543.4199999999996,167.458385007751
1284C1010,156.4434474885845,735.3999999999999,57.8,122.05,239.4250000000001,379.4,116.79730751520005
1284C1020,265.9221689497716,917.8999999999996,101.4,210.85000000000002,408.9749999999999,630.4999999999997,192.54667564265455
1284C1030,194.62736301369858,810.6999999999999,71.4,159.05,296.4,461.80999999999983,142.57224468277778
1284C1040,153.01113013698634,722.0,53.8,126.90000000000002,233.925,363.52499999999964,113.85476466741024
1284C1050,209.35385844748856,831.0999999999998,76.775,172.60000000000002,319.22499999999997,493.0999999999995,152.81030986623213
1276B3010,290.82180365296796,1159.7999999999995,109.4,237.6,443.1249999999999,677.9049999999996,208.64304621705057
1276A0030,232.65659817351596,1079.5999999999997,87.0,189.40000000000003,353.025,546.9049999999997,168.37944147730036
1276B2010,321.5380707762556,1035.4999999999995,123.775,260.3,490.2249999999998,756.5049999999995,229.15801186673903
1276A0020,212.20803652968036,936.8,76.375,188.64999999999998,316.025,489.30000000000007,152.93942143198908
1276A0010,286.8285958904109,981.4999999999998,110.3,236.60000000000005,434.39999999999986,666.1049999999994,204.7228105831107
1276C1010,299.39295662100443,1096.0999999999997,112.47500000000001,244.7,454.0,702.2099999999995,213.75386039619536
1276C1050,176.20372146118723,737.5999999999999,61.2,147.85000000000002,268.29999999999995,417.805,130.6930505694169
1276C1020,236.36068493150682,890.6999999999995,88.4,192.30000000000004,360.025,552.9049999999997,171.17950873429294
1276C1030,220.37157534246572,916.0999999999996,82.10000000000001,179.65,333.92499999999995,519.0,159.95628482977145
1276C1040,229.72573059360727,850.8999999999995,85.4,187.05,350.6999999999999,544.2049999999996,166.74392811639623
1272A0010,214.32147260273968,794.8999999999997,80.475,174.15000000000003,330.6,499.6049999999996,154.4877545638995
1272B3010,220.62889269406392,912.1999999999996,82.275,185.5,336.875,511.40499999999986,157.86259114924678
1272C1010,324.88913242009124,1129.5999999999992,123.70000000000002,269.75,495.1999999999998,753.1049999999996,230.5362852421872
1272C1020,287.5038356164383,1031.4999999999995,107.775,233.20000000000005,443.325,674.3999999999996,207.09524663663035
1272C1030,230.94649543378992,876.3999999999996,87.0,190.05,352.4,533.9999999999997,164.85017455061228
1272C1040,216.65861872146118,888.2999999999997,81.275,178.50000000000006,334.42499999999984,504.30999999999966,156.16245894837445
1272B2010,200.41906392694062,846.7999999999998,73.475,163.70000000000002,304.85,473.1999999999997,146.34114897121518
1283A0040,160.52702054794523,675.6999999999998,54.3,133.40000000000003,247.10000000000005,383.70499999999987,120.91411506176996
1283C1460,136.22041095890413,688.0999999999998,43.7,109.10000000000002,210.32500000000005,332.73999999999944,106.15223520810018
1283C1440,152.2074771689498,686.0999999999998,52.9,123.8,231.50000000000003,369.73499999999956,115.5413467687413
1283C1180,173.3413127853881,687.8999999999999,60.8,144.5,261.80000000000007,413.00999999999993,128.74803976725025
1283C1390,144.00628995433792,731.1,47.4,116.4,221.7,349.3049999999999,111.25982265987163
1283C1380,148.90440639269409,631.4,51.075,122.5,226.10000000000005,357.41999999999973,111.84855504604424
1283C1450,119.9092465753425,601.3999999999999,39.775,97.9,183.625,295.30999999999995,93.84804940731335
1283C1510,159.4633675799087,743.1999999999998,54.6,131.3,243.20000000000007,379.19999999999993,119.12493149674883
1283C1230,120.1036415525114,607.0,35.9,100.9,177.72500000000002,308.6,97.98848074142616
1283C1240,105.953801369863,612.7,32.7,86.3,162.32500000000002,267.305,86.16199072882394
1283C1410,175.96155251141553,817.3999999999999,61.9,145.40000000000003,270.25,418.20499999999987,129.7116865827153
1283C1370,154.93254566210047,774.6,53.9,128.4,236.30000000000004,373.90499999999986,116.21450786476721
1283C1500,146.7203767123288,733.1999999999996,50.150000000000006,122.5,222.875,355.01499999999976,111.41187001635322
1283C1490,161.347100456621,709.1999999999998,54.6,130.60000000000002,249.32500000000005,389.4049999999999,122.8817320217257
1283C1610,230.20511415525112,883.0999999999997,85.0,188.0,349.42499999999995,546.3049999999996,168.23813671784887
1283B2010,200.22673515981734,776.6999999999999,71.875,163.35000000000002,307.225,477.10499999999973,147.97974656402434
1283C1310,126.8864383561644,631.5,40.3,102.45,192.9,311.7349999999995,99.17088033278577
1283C1300,186.8937785388128,849.9999999999997,65.69999999999999,152.60000000000002,288.6,440.3999999999999,138.4518460725303
1283C1640,173.77486301369865,798.0,60.8,144.25000000000003,268.6,410.90499999999975,128.84715238351848
1283C1420,129.77406392694067,664.2,43.4,105.5,200.02500000000006,313.40999999999985,99.99005687941494
1283C1430,182.82220319634706,787.2999999999997,63.275,155.70000000000002,278.30000000000007,430.41499999999985,135.48970650047647
1283B5010,136.5243493150685,590.2999999999998,46.4,110.9,208.45000000000002,332.7,105.09915707745452
1283B2020,268.4684931506849,940.5999999999996,98.1,222.10000000000002,408.79999999999995,631.2049999999995,194.25613890842382
1283B2030,166.67961187214613,746.1999999999996,60.7,130.85000000000002,254.80000000000007,407.3999999999999,125.83359846951899
1283C1170,175.3229680365297,706.6999999999995,62.1,144.15,267.725,416.5049999999997,130.19026818379024
1283C1010,175.7765296803653,706.9999999999995,61.2,144.95000000000002,270.50000000000006,419.70499999999976,130.84090467149576
1283C1020,152.7297602739726,638.2999999999998,54.1,119.5,235.2,375.2099999999998,116.50949052651788
1283C1530,204.23211187214613,881.4999999999998,72.69999999999999,165.55,312.625,486.61499999999967,151.2373788242078
1283C1560,117.52691780821918,541.4,39.8,93.6,180.82500000000005,290.99999999999994,91.49910450625069
1283A0010,184.44744292237442,724.0999999999997,64.8,152.4,284.125,436.3049999999998,135.8542247933102
1283C1030,171.24199771689499,725.0,57.8,141.8,262.62500000000006,410.3999999999998,128.8930253554352
1283C1040,205.8285502283105,792.4999999999997,71.80000000000001,170.70000000000002,314.70000000000005,491.00499999999977,153.21252008623742
1283C1050,180.31700913242008,797.3999999999996,63.8,150.35,275.92500000000007,421.6149999999998,132.7384667685608
1283C1070,127.88416666666667,561.5,42.9,104.75,194.1,316.5099999999999,99.81851181088066
1283C1060,124.22450913242008,666.5999999999999,40.3,99.5,191.425,304.50499999999994,97.11071712841645
1283C1080,171.47396118721463,763.8999999999999,59.3,141.85000000000002,265.6,408.10999999999984,127.54879490042634
1283C1090,132.06632420091324,743.9999999999995,43.475,107.6,203.125,323.9049999999999,102.29995633906987
1283C1110,178.3113698630137,736.7999999999996,61.9,145.8,269.625,428.81499999999977,133.18670536878602
1283C1100,150.52488584474884,557.5999999999999,54.1,116.60000000000002,231.20000000000005,370.8,114.78934410137667
1283C1150,153.7591095890411,634.7999999999998,54.3,126.25,235.30000000000004,367.5999999999999,114.80455928803795
1283C1120,153.55438356164382,577.9999999999998,54.6,122.4,236.5250000000001,374.5,116.10870840339621
1283C1130,135.2577397260274,721.3999999999999,42.5,112.4,204.50000000000009,343.79999999999984,108.14411097187804
1283C1190,179.34893835616435,671.6999999999998,62.2,144.75,276.0,428.62499999999955,133.27068857981823
1283C1210,123.46149543378998,557.2999999999998,43.6,94.85,188.6,303.70999999999987,95.28974054237288
1283C1200,162.82378995433788,803.9999999999999,54.6,137.9,246.50000000000003,392.23499999999956,123.25625046690868
1283C1160,202.74078767123285,743.1999999999999,73.4,168.15000000000003,310.125,476.1999999999998,147.89719270206677
1283C1140,215.59398401826482,978.7999999999996,76.675,177.5,332.44999999999993,512.3049999999997,158.6294582074336
1283C1340,135.5974086757991,708.5999999999999,43.9,112.70000000000002,205.32500000000002,331.0999999999999,104.01373093157376
1283C1250,121.37012557077627,609.1,39.7,97.6,185.00000000000003,306.5,96.21215213290704
1283C1280,99.051198630137,530.4000000000001,29.200000000000003,76.3,150.2,258.2049999999999,84.04635318479963
1283C1270,132.53308219178084,661.6999999999998,47.0,104.7,202.82500000000005,327.79999999999995,101.85185364297719
1283C1290,109.7023287671233,500.0999999999999,36.3,86.6,170.3,272.6,86.48823513000355
1283C1260,130.24399543378996,559.2,46.9,102.0,199.1,320.8049999999999,99.44951822282914
1283C1330,102.24779680365297,527.5,32.8,83.05,155.90000000000003,254.61999999999975,81.64111542034566
1283C1220,262.6494634703196,915.8999999999996,94.3,213.2,403.625,627.7999999999995,193.92989575684044
1283C1320,172.86526255707759,697.8,61.175000000000004,142.05,265.20000000000005,408.9,128.55083144167097
1283C1360,185.20678082191782,795.3999999999999,64.8,152.20000000000002,282.70000000000005,436.20499999999987,136.70432840741546
1283C1350,131.60382420091324,629.9999999999998,43.3,108.2,200.60000000000002,323.4,101.94553856216986
1283C1400,169.09288812785388,708.2999999999996,60.7,136.70000000000002,258.025,409.80499999999995,127.63281394024999
1283C1480,179.5819406392694,825.1999999999999,62.0,148.3,276.225,428.7049999999998,133.90185760187447
1283C1470,136.86168949771692,602.2999999999998,46.3,111.35,209.52500000000003,332.60499999999996,105.30584637763556
1283C1520,185.1610388127854,755.0999999999997,65.6,147.70000000000002,283.9,450.7149999999996,139.81414184111617
1283C1540,100.17166666666667,674.3999999999999,32.0,76.6,155.8,254.51999999999978,82.5593845214556
1283C1550,102.03541095890411,537.3999999999999,32.0,79.75,154.8,267.4149999999998,85.38132304472796
1283B3010,224.65740867579905,936.3999999999992,82.125,182.35000000000002,344.79999999999995,532.2999999999997,164.97031459262382
1283C1570,138.30527397260275,657.7999999999997,46.8,112.6,214.1,330.8,106.01605022970325
1283C1580,202.91381278538813,760.9999999999999,72.875,165.5,311.2,484.3199999999996,149.4989774147238
1283C1620,131.81836757990865,620.6,43.7,105.55,202.40000000000003,318.305,101.30661368052237
1283C1590,217.82757990867577,910.7999999999996,76.57499999999999,179.95,332.42499999999995,519.1199999999997,160.61078182898714
1283A0020,177.44350456621007,751.7999999999998,61.2,147.8,272.4,422.8999999999999,132.16577274103327
1283C1600,142.04041095890412,626.4000000000001,49.0,116.15,218.30000000000004,341.6099999999998,107.27779184523624
1283C1650,154.78086757990866,829.3999999999999,53.5,130.0,236.32500000000005,367.1099999999999,115.88335852835681
1283C1630,292.64823059360725,1057.6999999999994,104.6,237.95000000000005,451.39999999999975,688.4999999999997,212.69684161123135
1283C1660,188.8553310502283,725.1999999999997,65.8,150.3,290.725,460.8049999999998,141.45242127248926
1283C1690,213.01331050228308,775.1999999999997,75.80000000000001,167.90000000000003,325.32499999999993,520.9049999999995,160.05792133184212
1283C1680,110.86470319634705,603.9999999999998,32.9,87.10000000000001,170.3,282.0099999999999,90.49809933434629
1283C1670,204.24329908675796,737.3999999999999,72.8,162.40000000000003,314.125,497.5999999999997,152.4526545632944
1283C1700,197.34940639269408,760.5999999999998,69.10000000000001,164.55,301.0,466.50499999999977,144.82937724106566
1283B4010,159.74178082191784,709.0999999999999,54.575,133.10000000000002,245.52500000000003,381.00499999999994,119.7638981360759
1283A0030,230.27867579908676,788.6999999999995,83.7,182.05,353.7,553.7999999999997,170.95944088510421
1275A0010,212.7464497716895,799.1999999999997,79.10000000000001,175.95,322.42499999999995,495.70499999999976,153.5666011236116
1275C1020,144.6357191780822,683.2999999999996,50.2,118.0,221.12500000000003,349.205,109.38587498609796
1275C1010,181.62684931506848,739.2,65.17499999999998,153.8,275.02500000000003,426.8999999999999,133.23979993400212
1275C1040,181.32617579908677,715.7999999999997,67.8,152.10000000000002,274.80000000000007,422.9,131.329861113635
1275C1030,183.0666780821918,698.0999999999999,67.4,152.5,278.3,431.9199999999996,132.98760627647047
1257A0010,204.18149543378993,800.0999999999998,75.7,169.90000000000003,310.525,480.23499999999945,147.94808735940526
1257C1030,186.8854794520548,853.0999999999999,69.4,157.55,281.925,434.3999999999998,134.21295274209686
1257C1020,202.7916210045662,768.4999999999998,74.475,167.5,310.625,473.4499999999992,146.76305998561875
1257C1010,171.87932648401824,590.1999999999998,64.3,132.35000000000002,263.4,420.1099999999998,128.1586527767125
1257C1040,165.02816210045663,771.3999999999997,60.4,136.8,249.75,388.9099999999998,121.27174417762855
1257A0020,294.97534246575344,1150.0999999999997,112.775,240.6,448.325,691.1099999999996,211.16262235166135
1257A0030,234.84745433789953,859.1999999999994,87.00000000000001,191.90000000000003,360.1249999999999,548.6149999999996,169.00162373651108
1290A0110,283.3632191780821,949.3999999999996,104.775,232.05,433.1499999999999,667.9049999999995,205.59485276432682
1290B6010,176.07067351598175,703.1999999999998,61.9,143.9,269.27500000000003,418.20499999999976,131.03069031982022
1290B8010,138.05460045662102,656.1999999999999,46.375,113.4,209.82500000000002,339.0,107.09506920487318
1290A0010,130.7930479452055,505.0999999999999,46.3,101.9,201.92500000000004,322.80499999999995,100.21659745569356
1290B7010,160.49317351598174,683.6999999999997,54.7,127.10000000000002,248.82500000000005,392.5049999999998,122.66964876318434
1290A0020,193.90844748858447,678.1999999999996,68.975,154.9,297.725,471.0099999999997,144.72825884777632
1290B2010,304.64138127853874,1071.5999999999992,111.67500000000001,251.00000000000003,466.59999999999974,715.1049999999997,220.5114723712674
1290B2020,153.45784246575343,701.3999999999999,51.2,129.8,232.6,370.0,115.80779903880563
1290B2030,206.49268264840182,804.5999999999996,73.0,170.15000000000003,317.2,491.2149999999995,152.10197371398627
1290B2050,268.4324315068493,968.2999999999992,98.475,217.6,412.3999999999999,633.7249999999996,195.95220599579082
1290A0030,189.9648515981735,742.0999999999998,68.8,148.4,294.0,462.8049999999998,143.08056525086417
1290B2040,199.76086757990868,704.5999999999998,71.6,157.00000000000003,304.425,488.20499999999964,150.8848229713846
1290B2060,183.27633561643836,735.1,61.99999999999999,151.9,281.325,435.00999999999965,137.12431235551892
1290B3010,221.24960045662098,740.4999999999995,79.7,173.95000000000005,339.97499999999997,538.2049999999996,165.69470960689
1290B3020,156.44527397260273,687.6999999999997,54.7,124.10000000000002,239.10000000000005,381.10499999999985,118.45281115068182
1290C1030,180.98160958904108,703.2999999999995,65.19999999999999,142.8,275.925,444.2049999999998,135.66557601508387
1290C1160,164.82423515981736,752.8,57.4,137.4,252.22500000000005,396.20999999999987,123.67289680038975
1290C1010,134.80313926940642,732.5999999999998,46.7,108.75,204.625,330.99999999999994,104.26305367505554
1290A0040,243.9861529680365,843.2999999999996,89.4,197.64999999999998,372.90000000000003,580.3999999999997,178.5435379750852
1290A0060,107.04296803652969,382.8999999999999,36.4,83.3,163.10000000000002,271.7,83.19323999337274
1290C1020,249.31949771689492,856.2999999999995,90.5,197.00000000000003,380.35,603.2049999999996,185.822919949253
1290C1040,142.27698630136987,661.0999999999999,50.2,112.9,217.32500000000005,346.0999999999999,108.22840171098785
1290C1050,240.69499999999996,839.2999999999994,83.9,188.2,364.025,590.7149999999996,182.57810448067806
1290C1060,157.7918607305936,696.8999999999999,54.3,131.3,242.30000000000004,376.30499999999984,118.39573643675446
1290C1070,188.59110730593608,781.7999999999997,68.275,159.85000000000002,288.20000000000005,439.19999999999993,136.88901782453425
1290C1100,150.30360730593608,624.6999999999998,53.4,119.6,232.15000000000006,366.4149999999997,114.01228485994358
1290A0050,215.38195205479445,766.0999999999996,75.30000000000001,170.8,332.325,524.7049999999996,162.71130594658305
1290C1090,154.740399543379,615.3999999999997,56.8,120.80000000000001,237.95000000000002,378.0049999999998,117.38596161223201
1290C1130,128.24325342465755,512.9,46.0,100.55,196.925,316.705,98.31406864384763
1290C1080,183.42111872146123,763.3,65.1,149.60000000000002,279.125,440.00499999999994,136.72995692362917
1290C1120,163.85367579908674,751.4999999999998,57.2,136.3,252.125,390.60999999999984,123.26837651137349
1290C1140,129.17365296803652,582.5999999999998,43.9,101.75,199.7,314.99999999999994,98.89695406627949
1290A0070,138.70711187214616,531.5999999999997,50.2,109.4,210.2,338.30999999999995,105.16440651277107
1290C1110,209.27818493150684,783.5999999999995,75.575,163.95000000000005,321.125,510.25499999999903,157.28817348892338
1290C1170,144.20041095890411,629.1999999999998,50.8,113.1,221.02500000000003,352.20499999999987,109.74188519104163
1290C1150,169.71464611872148,803.5999999999999,58.3,138.0,262.02500000000003,406.1099999999999,127.56396237649481
1290B4010,218.183904109589,840.5999999999997,78.60000000000001,173.9,334.4,522.7099999999995,161.30502612925218
1290C1200,150.70037671232876,655.4999999999999,50.974999999999994,124.9,231.10000000000002,360.4999999999999,114.1023119587519
1290C1180,260.5205936073059,1022.1999999999996,96.17500000000001,214.15000000000003,398.5499999999999,617.0449999999989,188.96019727808536
1290C1220,111.43132420091325,644.6,35.724999999999994,90.1,170.4,281.00499999999994,89.93293788773023
1290C1210,178.3611301369863,666.8999999999997,63.475,141.8,272.425,434.7999999999997,133.97536054054254
1290C1190,156.68397260273974,651.5999999999999,54.7,129.5,237.50000000000003,377.5,117.86820522965085
1290C1230,125.82101598173517,687.6999999999997,43.3,102.0,192.02500000000006,305.71499999999975,96.52876376107295
1290B5010,204.23220319634703,826.1999999999995,72.1,166.65,308.825,490.80999999999966,153.166578010405
1290A0080,300.878607305936,1057.2999999999993,109.20000000000002,245.85000000000005,456.8999999999999,716.2049999999994,219.2914590571503
1290A0090,242.4505936073059,881.5999999999996,88.9,198.7,369.9,570.7999999999997,176.74175735487287
1290A0100,146.2275114155251,930.5999999999996,49.9,122.4,223.52500000000003,349.4299999999996,110.56195848470674
1273C1010,261.85090182648395,899.7999999999994,104.20000000000002,210.20000000000005,400.92499999999995,607.2999999999996,183.7769948041849
1273A0020,248.57066210045656,868.0999999999995,97.875,197.55,378.675,578.0049999999995,175.19166212835796
1273A0010,186.59964611872144,748.7999999999994,72.775,147.0,283.1,441.7149999999997,134.39585732166245
1273C1020,239.17819634703193,836.0999999999995,94.175,193.20000000000002,366.7,552.1999999999998,168.34544080162024
1273C1030,205.64692922374428,691.4999999999999,79.6,166.9,313.025,477.5999999999998,145.72319199642067
1273C1040,245.8974771689497,912.7,96.3,200.50000000000003,372.9249999999999,569.2249999999993,173.4049501891847
1273C1050,255.05428082191776,953.0999999999996,101.1,211.40000000000003,386.65,579.2049999999996,176.17832792628565
1273B2010,313.7412214611872,1168.2999999999993,125.07499999999999,255.4500000000001,474.8999999999998,717.0049999999993,216.9985585614189
1273A0030,246.9504337899543,907.1999999999996,97.2,202.1,377.4,563.1099999999997,173.11037343377586
1278C1010,275.2604566210045,818.4999999999995,105.1,217.45000000000005,421.8499999999999,652.7049999999996,198.39264132119433
1278C1030,437.17324200913225,1322.2999999999995,173.95000000000002,355.4,665.6999999999996,1009.804999999999,305.3683834698799
1278A0020,321.96004566210036,1057.1999999999994,121.775,255.75000000000006,499.9999999999998,754.3999999999995,230.26363334687252
1278B2020,130.9655821917808,474.6999999999999,50.4,102.0,199.40000000000003,318.01499999999976,96.64438860210055
1278B2010,184.15426940639267,713.0999999999999,71.3,145.25000000000003,282.425,436.40499999999986,133.56827131894357
1278B2030,160.88097031963468,586.8999999999999,61.4,126.0,249.50000000000003,378.0999999999998,117.50916683470936
1278A0010,289.4981849315068,981.8999999999992,110.975,230.30000000000007,440.9499999999999,682.4099999999994,207.9912439923349
1278C1020,272.06618721461183,947.8999999999996,103.07500000000002,214.70000000000005,414.64999999999986,648.1149999999994,197.58230237368394
1278B3010,202.32713470319635,812.9999999999995,77.0,167.4,308.29999999999995,468.8099999999997,144.15322073826775
1281C1230,155.76027397260273,699.8999999999996,53.9,123.20000000000002,239.30000000000004,386.3149999999996,119.96149472388186
1281C1270,102.44618721461187,494.1,36.3,79.80000000000001,155.52500000000003,258.20000000000005,79.90161653128447
1281C1250,93.66477168949773,497.4999999999999,32.4,72.4,144.15000000000003,233.71999999999974,74.18403620917665
1281C1040,86.29093607305936,591.6999999999999,25.3,68.19999999999999,130.60000000000002,232.2,73.72340055889543
1281C1050,132.4585844748858,678.3,43.4,108.35,203.32500000000005,321.60499999999996,102.77815111856734
1281C1010,111.86414383561646,461.9999999999998,39.8,87.0,168.925,281.30999999999995,87.12837993035681
1281C1060,134.28680365296802,692.5999999999998,46.8,108.5,206.90000000000003,325.19999999999993,102.86950359783462
1281C1180,104.09165525114156,560.7999999999998,32.3,84.1,159.1,262.805,84.72467184597723
1281C1190,149.1981392694064,746.7999999999997,50.6,122.8,228.72500000000002,360.90999999999985,112.56965802230077
1281A0010,119.65625570776257,531.3,42.5,94.0,184.8,293.6099999999999,92.27320956523226
1281C1160,129.72706621004568,563.7,46.5,104.50000000000003,198.2,315.7049999999999,98.73913506462348
1281C1200,88.48978310502284,469.2999999999999,28.8,69.2,137.22500000000002,221.90499999999994,71.96345553935345
1281C1240,64.05897260273973,270.8,21.8,47.8,97.42500000000001,167.30000000000004,52.27101968915397
1281C1220,92.58224885844749,379.5999999999999,32.775,71.6,141.125,233.31999999999977,72.10367349636213
1281B5010,204.16057077625567,660.9999999999997,72.7,160.15000000000003,313.2249999999999,502.5999999999998,154.40077229073682
1281B5020,132.50218036529682,608.9999999999999,42.9,108.9,203.10000000000002,325.105,103.90662833890286
1281B4010,176.35722602739725,705.0999999999998,62.2,141.70000000000002,268.80000000000007,423.80499999999995,131.67256755503047
1281B4020,188.15843607305936,772.7999999999997,65.19999999999999,149.25,289.20000000000005,458.60499999999985,142.5049476016307
1281C1410,70.05948630136986,368.8,24.5,53.4,105.4,181.80000000000004,57.37105946929442
1281B4030,208.47337899543376,824.8999999999997,75.2,169.75000000000003,319.525,497.1999999999997,153.9207367198176
1281C1290,120.25302511415525,595.5,40.3,95.35,184.90000000000003,294.1099999999999,92.96431135267034
1281C1300,64.66150684931507,318.40000000000003,21.5,47.7,98.5,167.5,53.027947683666525
1281A0020,310.1851826484018,1095.7999999999993,113.475,257.80000000000007,478.44999999999976,719.0999999999997,223.42630414683475
1281B3010,114.91667808219178,452.0999999999999,42.9,89.19999999999999,174.22500000000002,287.2,88.35446021408791
1281B3020,174.16579908675797,682.8999999999999,61.7,136.60000000000002,269.30000000000007,421.90499999999986,131.22166235425235
1281C1260,96.95810502283105,538.6,28.9,75.9,147.8,253.9,81.7135960979104
1281C1310,65.17673515981734,277.40000000000003,21.9,50.6,98.2,167.0,52.243940143566846
1281C1320,123.31100456621006,554.5999999999997,43.3,97.0,191.22500000000002,303.10499999999996,94.98290472918556
1281C1360,85.59712328767124,538.2,25.0,65.19999999999999,128.8,230.90499999999997,74.88956157635167
1281C1350,60.95989726027397,469.9,14.0,39.4,89.4,193.30499999999998,63.790670267581355
1281C1210,104.71553652968038,660.4000000000001,32.4,83.7,159.10000000000002,268.80999999999995,86.43330271742005
1281B3030,154.28706621004568,738.8999999999999,50.8,127.40000000000003,233.90000000000003,374.7149999999997,119.17828126206784
1281C1120,46.400171232876716,436.4,7.4,25.0,65.69999999999999,164.8199999999997,56.232197375370205
1281C1090,70.23808219178082,363.69999999999993,21.8,53.8,108.42500000000001,182.7,58.86477706741335
1281C1170,74.5201712328767,540.5,18.4,54.3,112.3,210.5,69.44506611775547
1281B3040,232.96015981735158,946.8999999999996,85.80000000000001,197.0,356.0,544.4049999999997,168.43080311318656
1281C1020,144.65655251141553,655.8000000000001,47.3,118.65,221.12500000000006,349.1,111.91135701204747
1281C1030,202.95155251141554,892.3999999999995,72.7,168.3,309.92500000000007,482.1999999999998,150.27293863561752
1281C1100,133.90537671232877,591.0,43.8,109.55,204.82500000000005,326.1,103.60237062702018
1281C1080,116.14561643835619,566.6999999999998,36.3,93.4,177.60000000000002,290.2,93.14413934507105
1281C1070,143.1375456621005,664.6999999999999,47.3,116.4,220.6,348.7,109.72427787443907
1281C1130,81.98019406392696,553.9999999999999,21.9,62.1,124.6,218.40000000000003,71.86418751319142
1281C1540,124.32656392694066,622.6999999999998,39.9,102.0,188.4,308.6199999999997,98.56728983531714
1281C1150,112.07954337899544,585.8999999999999,35.9,90.4,170.50000000000003,284.1199999999997,90.75862387919646
1281C1140,187.3610159817352,813.1999999999998,64.8,165.9,282.7,438.305,137.19443239283916
1281C1110,133.62073059360728,670.5,46.8,109.6,203.225,322.90999999999985,101.7425115741395
1281B2010,218.24817351598173,863.0999999999997,79.5,179.85000000000002,332.35,513.4149999999997,159.06167585840387
1281C1340,113.04348173515982,608.1999999999999,35.8,91.1,172.65000000000003,286.805,91.09166775155884
1281C1280,110.04401826484019,591.2999999999997,35.5,87.69999999999999,167.62500000000003,275.6099999999999,88.46416331589471
1281C1380,113.46985159817353,598.8000000000001,36.4,92.95,171.82500000000005,280.8099999999999,90.33274014431584
1281C1370,67.67114155251143,492.9,17.9,47.6,99.85,195.90499999999997,63.90891609477311
1281C1390,105.82327625570777,463.69999999999993,36.2,83.3,162.82500000000005,264.5,82.52308519103995
1281C1400,131.53238584474886,574.0,40.2,105.55,202.80000000000004,327.50499999999994,104.08639507276557
1281C1420,80.61485159817353,614.8,22.150000000000002,61.3,119.70000000000002,220.80999999999986,71.73462127655898
1281C1330,119.70408675799088,579.8,39.224999999999994,95.9,183.2,298.90999999999985,94.79490955579205
1281C1440,33.96317351598172,365.0,0.0,10.9,45.0,140.9,51.4276562454024
1281C1450,27.233150684931505,416.0,0.0,0.0,35.0,135.0,49.77770412497227
1281B2020,141.45947488584477,696.1999999999999,47.6,116.00000000000004,216.82500000000005,340.19999999999993,107.58952768760746
1281C1460,148.56244292237446,696.3999999999997,50.7,118.20000000000002,230.8,356.0,113.98388434997426
1281C1490,137.4808675799087,683.4999999999999,46.9,112.8,209.3,335.10499999999985,105.54057737850479
1281C1470,95.77005707762558,519.5,32.8,73.10000000000001,147.45,239.80000000000004,75.72543146110468
1281C1480,94.33627853881279,552.1,28.8,73.1,144.6,244.60999999999984,78.92180232012495
1281C1500,90.98480593607306,517.5,28.5,72.1,137.72500000000002,238.60499999999993,76.34434588874421
1281C1520,147.30736301369862,728.3999999999999,49.9,119.4,224.2,363.0999999999999,113.64872253238994
1281C1430,196.4474315068493,766.5999999999996,70.9,163.20000000000002,301.79999999999995,461.70499999999976,143.66904634841495
1281C1510,194.12679223744288,792.8,69.1,158.95000000000002,295.925,461.20499999999987,143.62317777418858
1281C1530,111.99672374429224,637.7999999999997,35.9,90.70000000000002,171.00000000000003,278.9,89.78153276439869
1281C1550,187.27842465753423,909.5999999999996,65.3,153.85000000000002,284.625,447.8049999999998,140.4169134362989
1281B2030,171.36359589041098,717.1999999999997,60.0,141.10000000000002,263.1,411.3199999999997,128.94565070523004
1281B2040,217.64897260273972,814.0999999999996,77.9,178.25,330.75,516.5049999999998,160.19669442019412
1281A0030,189.6083904109589,717.2999999999998,67.875,148.05,292.875,463.4999999999998,143.46137761641458
1281C1560,155.78940639269405,683.1999999999996,53.7,129.10000000000002,239.4,370.1,116.61657845365626
1281C1570,88.81519406392694,527.6,25.4,69.1,133.7,236.20499999999993,75.99791506900749
1281A0040,169.57472602739728,718.9999999999999,58.4,140.60000000000002,259.5,400.2049999999999,126.48957776367962
1280C1720,92.21295662100457,527.7999999999997,25.8,72.19999999999999,140.15000000000003,243.50000000000003,78.32203651721578
1280C1690,71.0281506849315,611.8,18.0,50.3,105.5,206.70999999999984,68.62405102305657
1280C1630,145.3071917808219,725.5999999999997,50.7,119.0,219.90000000000003,350.01499999999976,109.85361989571429
1280C1750,88.93728310502284,518.4999999999999,25.4,69.19999999999999,134.4,241.10499999999993,76.59171464819161
1280C1640,163.5561301369863,695.1999999999998,57.8,135.0,251.00000000000006,384.80499999999995,121.65693520568846
1280C1520,114.21109589041097,598.0999999999999,36.3,91.15,173.8,283.905,91.0134895646542
1280C1760,78.7128310502283,559.9999999999999,21.5,57.9,119.025,219.40499999999997,72.07004456053859
1280C1880,43.033401826484024,464.3,7.0,21.0,58.5,159.90499999999994,55.34907211360223
1280C1860,168.48664383561643,721.9999999999998,58.375,141.35000000000002,255.30000000000004,404.2099999999998,125.57168283588094
1280C1900,158.42331050228313,601.7999999999997,56.9,131.00000000000003,242.82500000000005,376.6099999999998,117.30313320597132
1280C1930,95.04038812785387,523.3,29.0,75.4,141.70000000000002,247.3099999999999,79.23457126793956
1280C1850,128.97689497716897,624.1999999999999,43.3,104.70000000000002,196.40000000000003,317.70000000000005,100.59093275909287
1280C2680,96.67866438356164,684.7999999999998,29.0,76.65,145.2,250.6,80.96362669935758
1280C2600,258.3060844748858,905.5999999999996,94.5,210.35000000000002,400.25000000000006,604.4999999999997,187.14657238484043
1280C2750,106.35264840182649,513.8000000000001,32.9,84.0,160.62500000000006,271.905,85.73186621593992
1280C2780,88.1049885844749,491.9,25.3,68.8,131.925,238.6,76.5568385123412
1280C2800,107.79995433789955,541.2,35.5,86.69999999999999,163.20000000000002,274.305,86.92405833187594
1280C2130,127.9945091324201,620.0,40.2,105.5,195.625,313.30999999999995,99.69105552479904
1280C2240,87.89503424657535,484.5,25.4,67.95,132.22500000000002,234.80499999999995,75.72434791093404
1280C2290,83.7120890410959,530.5999999999999,24.9,63.8,126.8,227.11999999999975,73.47045019699205
1280C2200,99.95170091324201,544.8,29.4,79.7,152.02500000000003,253.91499999999982,82.27873350284008
1280C2230,69.08296803652969,518.6,17.9,49.849999999999994,103.825,199.5299999999996,65.88444354839598
1280C2300,118.15697488584476,558.8999999999999,38.9,95.75,181.00000000000003,293.60499999999996,93.17599329214134
1280C2310,88.72140410958905,507.8999999999999,25.700000000000003,68.64999999999999,133.8,238.21499999999978,75.624638345982
1280C2080,515.280810502283,1561.500000000001,192.30000000000004,419.29999999999995,785.9999999999995,1210.3050000000003,369.76574962734145
1280C2000,120.36430365296805,614.2999999999998,40.0,98.4,181.50000000000003,297.20000000000005,93.6647275686992
1280C1940,89.28460045662102,392.9999999999999,32.4,68.7,136.525,221.60499999999993,69.28870327466353
1280C1970,66.31671232876712,471.4000000000001,14.8,44.2,97.825,200.80499999999995,66.24784263737239
1280C1980,73.73763698630138,440.7,24.9,57.7,112.1,188.80499999999995,60.5996297630736
1280C2270,115.48235159817354,553.1999999999998,36.5,94.55,176.12500000000003,284.40500000000003,90.29890423167322
1280C1210,131.4722374429224,604.9999999999999,40.575,107.1,202.725,320.9149999999998,103.22664511274992
1280C1240,113.6420091324201,565.1,36.4,93.8,171.50000000000003,282.90500000000003,89.35517209085164
1280C2730,87.73364155251141,548.1,25.5,68.5,133.0,231.00000000000003,73.68171645106503
1280C1090,221.45936073059357,826.2999999999995,80.5,183.8,334.725,520.8049999999997,161.20785316748743
1280C1140,152.17397260273972,668.5,50.9,124.35,232.02500000000003,367.9399999999994,116.0412645275533
1280C2030,93.24945205479453,555.2,28.5,72.5,141.0,246.10999999999984,78.97211249288694
1280C2060,87.63436073059363,517.8999999999999,25.4,68.35,132.75,233.50999999999988,75.13110329723732
1280C2490,122.4167694063927,615.0999999999999,39.9,98.9,188.425,301.2,95.74111232829335
1280C2520,123.10386986301371,599.4999999999998,40.0,101.45000000000002,184.90000000000003,303.7,95.87812116387302
1280C2410,120.21852739726027,601.3999999999997,39.9,97.7,182.175,296.10499999999996,93.71174422752699
1280C2330,135.62865296803653,616.0,46.8,112.0,206.9,329.0,104.11941740157776
1280C2450,107.17737442922373,614.5,32.9,86.8,162.1,270.50499999999994,86.23966401919766
1280C2400,88.60713470319635,585.2,25.700000000000003,68.7,133.7,233.80499999999998,76.11189243104467
1280C2460,108.39318493150685,563.4000000000001,35.8,87.10000000000001,163.40000000000003,274.50499999999994,87.86785807192908
1280C2480,84.01009132420091,548.6999999999999,25.0,65.05,125.8,221.10499999999993,72.53678093344602
1280C2470,96.57793378995433,583.0999999999998,28.9,75.6,146.10000000000002,250.60499999999993,80.70938957201638
1280C2510,98.73386986301371,648.1999999999998,29.3,78.5,149.50000000000003,253.3199999999997,82.03633886986943
1280C2440,121.60328767123288,582.9999999999995,39.9,98.0,185.50000000000003,298.20000000000005,94.86765667407862
1280C1160,160.81261415525114,669.5999999999997,57.675000000000004,133.05,246.92500000000004,382.10499999999985,120.5141844683913
1280C2610,175.6314840182648,670.9999999999998,61.8,145.3,268.3,415.9,130.09944441202504
1280C2670,103.25006849315069,692.4999999999999,32.4,83.1,155.6,265.70000000000005,84.25866618219115
1280C2810,110.28303652968039,627.0,33.2,87.4,169.125,278.0,89.07301924947714
1280C2830,109.94805936073061,579.5999999999999,35.724999999999994,88.7,167.10000000000002,276.0099999999999,88.58830681565709
1280C2740,159.3115296803653,636.3999999999999,54.3,130.85000000000002,246.60000000000005,379.19999999999993,119.22698092470687
1280C1680,106.64329908675798,566.3,32.5,83.7,163.8,271.80499999999995,87.07265813036247
1280C1790,119.68099315068493,552.5,42.8,94.9,185.2,291.10499999999996,91.68557089168371
1280C1960,95.16811643835618,547.2999999999997,28.8,75.1,144.8,250.4,80.1354795040374
1280C2100,48.53054794520548,316.20000000000005,14.5,35.9,72.8,130.70499999999993,43.3138197181754
1280C2020,86.04494292237442,506.69999999999993,25.0,65.65,130.8,227.40499999999997,74.53326818723947
1280C2090,79.07972602739726,498.3999999999999,21.8,60.4,119.0,218.00000000000003,69.90829602162995
1280C2420,102.07884703196348,581.4000000000001,32.4,82.1,154.9,258.0099999999999,82.92191209896566
1280C2380,116.90065068493153,590.5,35.975,98.0,172.20000000000002,297.4049999999999,94.4297100070299
1280C2430,81.8541894977169,427.0,25.5,61.6,126.3,208.00000000000003,67.2034227070812
1280C2390,64.56995433789955,324.20000000000005,21.8,49.9,97.7,167.4,52.8584138616555
1280C2320,150.73859589041098,734.6999999999998,53.5,123.10000000000002,229.32500000000005,361.30499999999995,113.39685818460205
1280C1010,212.28086757990866,788.7999999999996,78.7,174.10000000000002,325.69999999999993,496.9999999999998,154.35706121375566
1280C1230,148.9259589041096,749.6999999999999,53.3,122.40000000000002,228.40000000000003,355.5099999999998,111.32234980675129
1280C1020,139.46805936073062,605.9999999999999,47.6,113.20000000000002,213.4,336.43499999999955,105.92605492027269
1280C1030,196.23457762557078,762.5999999999998,72.1,161.95000000000002,296.9,468.90499999999986,144.62627468951527
1280C1060,157.13364155251142,621.8999999999996,53.9,130.2,241.22500000000005,375.91499999999974,118.28720203029248
1280C1070,149.27657534246572,559.4999999999999,54.4,119.0,226.55,361.70999999999987,111.62657530096368
1280C1200,138.28762557077627,587.0999999999999,46.8,114.9,210.40000000000003,336.80499999999984,106.11617953737618
1280C1050,276.67543378995424,1026.6999999999994,102.775,228.40000000000003,419.0,651.6199999999993,199.75357244822564
1280C1260,122.50026255707763,560.0999999999998,40.3,99.9,186.32500000000002,298.905,94.89704857728006
1280C1040,216.98939497716893,882.0999999999996,79.275,179.60000000000002,331.625,509.2049999999999,157.68455407551514
1280C1100,163.50074200913238,692.8999999999997,57.675000000000004,133.4,252.2,389.8999999999999,122.62630877856293
1280C1310,107.10973744292238,617.4999999999998,32.8,85.5,163.3,272.3,86.79416102934675
1280C1080,150.1064383561644,728.8999999999996,51.3,124.3,227.22500000000002,362.2049999999999,112.71197052521829
1280C1170,184.28398401826485,796.9999999999997,64.7,151.40000000000003,282.425,445.81499999999977,139.1469420882728
1280C1130,182.66453196347032,651.2999999999996,67.4,141.90000000000003,279.40000000000003,446.49999999999983,136.60370175619266
1280C1110,219.94761415525113,860.1999999999995,79.6,180.90000000000003,334.12500000000006,519.5049999999997,160.50133313151832
1280C1120,103.17368721461187,554.4999999999998,35.4,82.0,156.625,258.3,81.95670039948057
1280C1190,196.9861415525114,665.9999999999998,69.4,153.40000000000003,301.225,480.3099999999997,147.83785425052295
1280C1610,128.58624429223744,543.3999999999999,46.4,98.5,198.60000000000002,319.805,98.8822150124223
1280C1150,134.57648401826484,654.6999999999998,43.8,110.6,204.00000000000009,329.6,105.00907190690756
1280C1220,148.5501598173516,577.4999999999998,53.975,117.5,227.25000000000006,363.7049999999999,111.90978901234207
1280C1290,90.06891552511418,394.9999999999997,32.4,69.19999999999999,136.625,226.50999999999993,70.70162513995706
1280C1300,128.7291095890411,733.5999999999999,46.3,104.8,196.0,309.4049999999999,98.02051447425825
1280C1870,121.13865296803654,657.3,40.1,97.5,184.925,296.1099999999999,93.73616287555151
1280C1920,108.69946347031964,487.79999999999984,35.5,87.4,166.60000000000002,268.9,86.59868158851428
1280C1280,149.41804794520547,690.2999999999998,54.0,116.6,229.72500000000005,365.20999999999975,113.58686692173313
1280C1250,166.4547716894977,755.2999999999996,58.0,134.20000000000002,256.95000000000005,399.49999999999983,124.25865626535597
1280C1320,91.53092465753424,468.0,28.9,72.3,138.35000000000002,232.50499999999994,75.19691664351727
1280C1180,167.00291095890412,672.8999999999996,57.7,138.3,255.00000000000006,396.8,124.1938364399705
1280C1270,248.93631278538808,978.1999999999994,90.5,203.9000000000001,381.47499999999997,587.9999999999995,181.09551903449776
1280C1360,154.21171232876713,771.5999999999999,50.9,129.05,234.52500000000003,372.6099999999998,118.31509030331978
1280C1330,135.28803652968037,640.3999999999997,46.4,110.55,206.90000000000003,331.4149999999998,103.49860062725057
1280C1380,140.38825342465753,750.9999999999997,47.375,113.0,213.30000000000004,342.10499999999996,108.44518868902212
1280C1350,102.58348173515982,570.6999999999999,32.0,80.6,155.9,263.30999999999995,84.5632592401266
1280C1390,141.09700913242008,591.1999999999996,50.775,110.20000000000002,216.7,347.00999999999976,107.43876857113185
1280C1460,97.03664383561645,531.8999999999997,32.4,76.4,148.625,244.3,77.61932409031658
1280C1430,86.34065068493152,456.7,29.0,65.4,132.925,218.00000000000003,69.34618975050972
1280C1420,163.91268264840184,761.4999999999995,54.875,139.3,249.72500000000005,394.6099999999999,124.22046680299817
1280C1370,205.04481735159814,782.1999999999997,72.675,168.8,312.82499999999993,487.5099999999998,150.98285209352045
1280C1410,139.32613013698634,586.6999999999997,47.0,115.6,214.85000000000002,335.9999999999999,105.99967311674831
1280C1470,98.7680479452055,502.3,32.4,77.15,153.10000000000002,243.90000000000003,78.99414249220285
1280C1400,163.97222602739728,581.0999999999997,57.99999999999999,129.20000000000002,249.60000000000002,406.0999999999999,124.09407845424647
1280C1340,239.87761415525114,876.2999999999996,86.10000000000001,191.8,363.62500000000006,575.8349999999992,177.13846265420165
1280C1530,93.05367579908678,511.5,29.3,72.6,144.3,234.9,75.267011445563
1280C1480,82.41885844748857,506.4,21.9,62.1,123.8,228.3,74.16761624235667
1280C1510,180.28844748858447,738.4999999999995,65.2,146.35000000000002,275.20000000000005,428.12499999999943,132.8817950458418
1280C1490,132.39928082191784,663.8999999999999,42.8,111.75,201.80000000000004,323.9999999999999,102.50348033346833
1280C1580,158.3292808219178,797.0999999999998,53.9,135.55,238.3,376.40999999999997,118.85548052858368
1280C1570,107.86256849315069,616.3,33.0,87.10000000000001,163.72500000000002,273.10499999999996,86.68581856398617
1280C1590,147.70430365296804,760.8999999999997,51.1,121.20000000000002,226.97500000000002,352.7149999999997,111.62227532767163
1280C1440,240.597808219178,824.0999999999996,86.10000000000001,191.25,367.175,578.6999999999995,178.1517630534809
1280C1600,74.9013698630137,584.1999999999999,21.5,56.9,112.7,204.50999999999993,66.85158114462901
1280C1620,114.90148401826485,580.1000000000001,39.3,92.55000000000001,175.7,280.1149999999998,89.99902754780751
1280C1700,96.87947488584476,498.50000000000006,32.4,76.5,149.10000000000002,239.50000000000009,76.67008777750884
1280C1500,130.87934931506854,608.3999999999997,45.9,105.55,200.32500000000005,317.70999999999987,100.60699009863231
1280C1560,173.14698630136988,750.2999999999998,61.775,147.75,261.725,407.12499999999955,126.80877928233299
1280C1710,58.57350456621005,313.70000000000005,21.4,43.8,87.6,152.30499999999995,47.43206336248139
1280C1650,105.83484018264839,492.8999999999999,36.3,82.2,162.62500000000003,263.62499999999966,83.20639123453051
1280C1450,154.81462328767122,521.8999999999997,57.4,120.10000000000002,236.52500000000006,377.7149999999997,116.25252235968863
1280C1740,92.6426598173516,548.7,25.8,72.25,140.9,242.8,78.82061527544337
1280C1540,156.0778881278539,825.3999999999999,54.775,129.20000000000002,239.22500000000002,371.20500000000004,116.43223814352561
1280C1730,169.14660958904108,709.1999999999996,60.7,139.60000000000002,257.725,403.50499999999994,125.94098600385514
1280C1780,154.30105022831052,812.8999999999996,52.9,126.25,238.60000000000002,368.9199999999997,116.79522800563578
1280C1670,143.62381278538814,835.2999999999996,50.3,117.15,217.925,347.3099999999997,108.68487155646979
1280C1770,65.02635844748859,404.3,21.8,49.9,98.325,168.20499999999998,53.43878566788738
1280C1800,87.2481392694064,489.2000000000001,25.0,68.69999999999999,130.82500000000005,230.91999999999973,75.044448715315
1280C1660,123.0663584474886,580.9999999999999,43.3,94.5,187.7,305.5099999999999,95.35771359552561
1280C1840,73.26882420091323,315.9,25.5,55.0,112.3,185.80000000000004,58.057774839418954
1280C1830,89.23038812785387,554.5999999999999,25.4,68.8,134.0,236.30499999999995,76.85168864192264
1280C1550,187.93641552511414,663.8999999999994,68.19999999999999,145.55,288.6,462.42499999999956,141.38172490276904
1280C1820,123.83357305936075,431.9999999999999,43.7,97.0,188.50000000000006,308.69999999999993,95.0893657799584
1280C1810,158.37608447488586,711.4999999999997,54.4,128.8,243.12500000000006,380.00499999999994,119.70380399897581
1280C1890,87.53888127853884,557.3,25.0,66.8,131.3,236.8,76.71839831731494
1280C1950,157.7466095890411,701.4999999999999,54.6,130.4,241.60000000000002,377.70999999999987,118.34214386246066
1280C2160,82.28037671232876,394.50000000000006,28.5,62.1,126.80000000000001,208.2,66.3930610915732
1280C2250,93.36098173515983,562.1999999999999,29.0,72.6,143.025,237.8099999999999,76.89510436571817
1280C2220,75.70633561643835,518.7999999999998,21.8,57.7,114.825,203.00999999999988,66.4626776045828
1280C2260,90.05497716894978,580.7999999999998,21.9,68.95,133.22500000000002,251.20499999999993,82.26711880104604
1280C2530,168.19066210045665,577.8999999999996,60.4,130.5,257.50000000000006,414.70499999999976,127.94408996109212
1280C1990,151.91462328767125,527.6999999999998,56.9,118.85,230.425,370.70499999999987,114.02357092872677
1280C2050,139.76842465753427,679.1999999999999,46.0,118.70000000000002,208.3,349.2049999999999,109.40260818523791
1280C2110,78.4643607305936,609.5999999999998,21.4,57.75,117.025,222.80499999999995,72.5092620493001
1280C2140,98.69092465753425,757.8,18.4,69.55,149.9,288.7,96.66187502290899
1280C1910,66.84521689497717,548.0999999999999,17.9,46.9,97.9,198.30499999999995,65.61466233732902
1280C2070,129.93763698630138,695.0999999999998,42.5,108.45,196.82500000000005,319.30499999999995,101.43086058747866
1280C2150,109.13066210045663,600.4999999999998,35.4,88.5,167.0,273.1,87.25895740402912
1280C2180,88.71286529680366,491.6,31.9,69.1,134.72500000000002,219.00000000000003,69.80413345653304
1280C2170,92.12514840182651,506.5,28.0,72.6,137.8,243.3,77.8727173708559
1280C2040,176.60827625570775,799.9999999999997,62.1,145.20000000000002,268.90000000000003,418.49999999999983,130.4069171669164
1280C2120,213.9267922374429,798.4999999999994,77.0,178.75,325.29999999999995,502.60499999999985,154.82091754329068
1280C2350,95.0362899543379,550.0,28.9,75.9,145.22500000000002,243.1,79.17818852875001
1280C2360,119.86316210045662,516.8999999999999,39.7,96.3,181.6,298.3099999999999,94.34925459669086
1280C2370,102.36624429223745,704.9999999999999,32.5,82.6,154.50000000000003,261.205,83.35457832443527
1280C2190,82.04900684931508,423.1,28.5,62.2,126.3,206.6,65.77479931952215
1280C2280,146.47408675799088,766.6999999999997,50.150000000000006,120.4,225.4,354.3999999999999,111.58132226414966
1280C2570,94.52385844748858,595.2,28.9,75.6,143.9,242.40499999999997,77.83701115304028
1280C2540,91.07608447488586,505.99999999999983,28.5,71.25,138.3,234.9,76.72816600111341
1280C2550,184.5000684931507,860.0999999999997,63.9,158.9,277.70000000000005,435.7049999999998,135.56005421121017
1280C2580,81.5517694063927,488.8999999999999,22.0,61.650000000000006,120.42500000000001,226.8199999999997,72.47938757071002
1280C2650,123.13521689497716,656.0999999999998,36.4,101.3,186.32500000000005,312.80499999999995,99.36723912648995
1280C2210,241.04186073059364,956.0999999999998,90.3,204.20000000000002,364.6499999999999,558.3149999999996,171.38207879881193
1280C2560,88.2395091324201,752.1999999999999,21.5,65.5,130.4,252.9199999999997,83.01623318098359
1280C2590,101.54718036529681,383.4999999999999,36.275,78.7,155.60000000000002,253.80000000000004,78.33411520834926
1280C2620,146.0867465753425,767.6999999999998,47.05,126.80000000000001,219.925,353.29999999999995,112.10045016498538
1280C2500,117.53842465753425,653.8999999999999,35.5,98.3,172.85000000000002,306.1149999999998,97.90046692049793
1280C2340,154.85386986301373,599.1999999999998,54.7,122.5,237.45000000000007,380.00999999999976,117.96443360386323
1280C2630,133.2976940639269,681.9,47.1,105.8,205.2,324.5,100.99738784868255
1280C2660,68.5753196347032,323.40000000000003,24.9,51.3,104.8,174.9,55.22577957392092
1280C2690,113.32639269406394,700.4999999999999,33.075,93.5,168.3,294.1,93.877541487589
1280C2720,87.07334474885845,583.0999999999999,25.4,68.8,129.9,231.60499999999993,74.37894256700153
1280C2700,126.65682648401827,619.6999999999998,39.5,104.20000000000002,190.9,319.005,100.7237459616418
1280C2010,185.8896575342466,790.9999999999999,65.5,160.3,282.9,433.60499999999985,136.01257891758513
1280C2770,91.83704337899543,561.8,28.4,70.25,137.9,244.2,78.043619020717
1280C2640,135.4191095890411,669.7999999999997,43.3,116.20000000000002,201.30000000000004,333.5049999999998,105.80918568122483
1280C2790,49.80811643835616,215.30000000000004,17.9,39.5,75.9,130.40499999999994,40.51578592209129
1280C2760,107.06054794520549,526.4999999999998,33.0,87.10000000000001,163.32500000000005,268.6,85.1886412575737
1280C2820,117.73495433789955,632.8,35.4,97.05,174.4,304.7099999999999,98.50573165308889
1280C2710,130.5001598173516,618.0999999999999,43.5,108.0,199.10000000000002,313.10499999999996,99.48870182152903
1280C2860,111.8325799086758,567.6999999999999,35.9,89.55000000000001,170.1,283.80499999999995,89.60556023173326
1280C2850,118.63549086757992,501.5999999999997,43.3,93.2,180.32500000000002,295.3999999999999,91.40132294095451
1280C2840,131.8525684931507,725.4999999999999,43.8,108.7,200.40000000000003,324.205,102.36645614659597
1280C2890,97.04033105022832,530.4000000000001,32.5,76.19999999999999,149.3,240.60499999999996,76.99133287992706
1280C2880,227.89953196347028,865.0999999999996,83.5,180.9,347.8999999999999,548.4999999999998,168.15566580543276
1280C2900,82.42230593607306,425.1999999999998,28.5,62.25,126.10000000000002,208.30999999999992,66.13311014017452
1280C2870,269.1865182648401,933.3999999999994,97.1,211.05,411.72499999999997,653.9049999999995,200.48420676903575
1280C2910,152.80992009132422,698.0999999999998,50.6,129.5,233.32500000000005,365.1,115.57743721085969
1280C2920,97.5135502283105,503.7000000000001,32.5,76.69999999999999,149.125,243.10999999999984,77.5517269796623
1233B2050,313.46833333333325,1073.6999999999994,120.3,247.90000000000003,480.02499999999986,736.944999999999,224.67625809013563
1233B3010,197.56464611872144,744.4999999999997,73.0,156.40000000000003,304.725,475.40499999999975,145.71077930908825
1233B2010,316.1414954337898,1193.9999999999995,122.475,261.75000000000006,482.62499999999983,726.3049999999995,221.3449058461389
1233B3030,300.6877625570776,1075.8999999999996,116.17500000000001,251.55000000000004,456.3249999999999,694.3999999999995,210.26451950264703
1233B2060,245.55426940639262,751.3999999999996,94.2,195.25,375.82499999999993,578.2999999999997,175.83813843482653
1233B3020,244.57117579908672,842.1999999999995,93.5,198.6,375.4249999999999,570.2049999999996,174.8408137577851
1233B2040,270.87602739726015,883.7999999999995,103.475,214.15000000000003,414.72499999999985,647.6049999999996,197.09199410818442
1233B2020,278.5142579908675,1059.8999999999994,109.0,233.10000000000002,418.4999999999999,634.0249999999994,193.26068505597976
1233B2070,342.3560730593606,1052.6999999999994,133.8,272.95000000000005,523.2249999999997,806.0999999999995,243.5725656154771
1233B2030,190.7525,898.8999999999996,71.4,158.70000000000002,291.29999999999995,443.99999999999983,137.29859236987255
1233B3040,312.16859589041087,1013.8999999999992,119.17500000000001,246.30000000000004,478.4999999999999,733.8049999999996,224.10209807839473
1233B2080,242.40051369863008,843.8999999999996,92.20000000000002,190.70000000000002,369.025,577.1999999999996,175.5393001612303
1233C1010,170.42441780821918,628.9999999999998,64.775,133.7,260.425,411.3,125.80099449758227
1233C1030,292.7599771689497,1047.2999999999993,112.9,236.70000000000002,445.62499999999983,682.2049999999996,208.41638669761835
1233C1020,225.00039954337896,767.3999999999995,85.9,183.75,344.9,523.4049999999997,160.67792171843175
1233B4010,161.9272602739726,602.6999999999998,58.474999999999994,133.10000000000002,247.32500000000007,383.3999999999999,118.63762470230434
1233C1040,320.42218036529675,1044.5999999999997,125.65,268.55,481.5999999999998,736.6099999999992,223.39285238901286
1233C1050,222.86071917808218,780.3999999999995,86.3,173.50000000000003,342.1249999999999,534.7099999999996,162.64825483241654
1233A0010,259.8953652968036,828.3999999999995,101.9,202.55,400.1249999999999,613.7249999999993,187.10042734702986
1233A0020,164.73430365296804,735.5999999999997,60.4,133.60000000000002,251.30000000000004,391.30499999999995,121.70349438666283
1233B4020,231.2559817351598,776.1999999999995,89.60000000000001,184.90000000000003,353.625,543.7999999999997,165.52023878375854
1286C1090,142.97484018264842,575.0999999999999,51.4,112.5,217.32500000000005,348.30499999999995,107.32054244328187
1286C1060,196.97794520547944,747.7999999999997,69.57499999999999,156.70000000000005,303.49999999999994,472.3999999999998,146.12958536373353
1286C1070,212.10140410958903,776.5999999999996,76.4,167.3,326.32499999999993,518.3999999999997,158.26618905532735
1286C1020,166.18772831050228,860.6999999999997,58.2,131.75,253.80000000000004,404.2049999999998,126.47557421232072
1286C1010,147.80509132420093,612.1999999999996,53.650000000000006,117.20000000000002,227.32500000000005,358.9099999999998,110.76939203280443
1286C1030,171.74622146118722,676.5999999999998,61.4,137.60000000000002,268.20000000000005,408.7049999999998,127.76974186514596
1286C1040,339.6301598173515,1175.1999999999994,128.875,274.8,517.7499999999998,803.9049999999994,245.35951428768132
1286C1050,141.96866438356165,596.6999999999998,50.2,112.3,218.40000000000003,342.3149999999998,107.23452559004436
1286C1080,233.15070776255703,892.6999999999997,85.525,192.6,356.4,547.3049999999995,169.16046511066799
1286C1100,99.67581050228311,481.5,32.8,78.19999999999999,152.8,244.1099999999999,78.18350205532238
1286B2020,151.5246917808219,644.9999999999999,53.224999999999994,123.6,229.90000000000003,367.0049999999998,114.67221526051296
1286B2010,190.23520547945205,670.7999999999997,68.275,149.05,292.82499999999993,464.51499999999965,143.41223527782066
1286A0020,185.5326940639269,795.5999999999996,64.9,149.0,285.8,448.00999999999976,139.34620904480775
1286A0010,175.2629337899543,722.6999999999996,62.1,145.60000000000002,267.52500000000003,415.3999999999999,129.8239711623642
1286A0030,189.28261415525114,713.0999999999993,68.4,148.5,290.3,460.70999999999975,142.104257333456
1286C1110,200.66738584474885,729.3999999999995,72.675,159.35000000000002,306.4,481.7999999999999,148.37066653484283
1286A0040,146.99858447488586,645.6999999999998,51.2,116.0,224.7,358.89999999999986,111.57912519148054
1286A0050,145.33173515981738,668.9999999999998,50.875,116.5,222.0,355.19999999999993,110.05583548897857
1286A0060,114.32904109589043,627.0999999999998,39.3,90.6,175.62500000000003,283.30499999999995,89.67905056395242
1282C1070,156.30865296803657,646.8999999999996,55.1,127.3,241.12500000000003,369.5199999999997,116.42993842236157
1282C1080,165.4098515981735,635.0999999999997,61.7,132.55,253.225,393.20499999999987,121.37179521065627
1282C1160,221.56587899543376,859.0999999999995,79.8,183.40000000000003,337.29999999999995,519.8049999999997,161.48929130365792
1282C1010,326.82171232876703,1242.7999999999995,125.8,272.05000000000007,497.52499999999986,754.1999999999995,230.6414800209083
1282C1020,330.2726712328766,1096.7999999999995,120.40000000000002,262.45000000000005,510.84999999999974,789.424999999999,242.10491509220589
1282C1030,154.4778767123288,679.3999999999999,54.7,127.4,236.1,366.20499999999987,114.56404204508246
1282C1040,192.66006849315067,741.1999999999997,71.3,150.55,296.82499999999993,464.2099999999997,142.64587736269047
1282C1060,162.51633561643837,742.1999999999996,58.0,135.50000000000003,247.52500000000006,384.80499999999995,120.3736869926037
1282C1150,78.44302511415525,414.29999999999984,28.5,60.9,119.9,195.005,61.251923622745
1282C1050,204.01353881278538,772.2999999999996,74.4,165.90000000000003,312.5999999999999,477.99999999999983,148.68796776700626
1282C1100,175.20077625570775,592.3999999999996,65.0,137.0,266.3,420.79999999999984,129.50816541297158
1282C1110,166.25098173515983,669.6999999999997,60.3,136.5,254.00000000000009,393.29999999999984,122.05259122026976
1282C1090,158.77372146118722,671.1999999999997,57.9,127.15000000000002,243.9250000000001,380.69999999999993,117.24628218997273
1282C1120,157.93210045662101,708.2999999999996,54.9,127.8,241.725,381.5999999999998,118.67535552242698
1282C1140,112.94665525114156,507.8999999999999,39.3,90.4,173.90000000000003,277.705,87.95944163510475
1282C1130,153.601997716895,578.2999999999996,56.9,123.6,234.10000000000002,366.00499999999994,113.28031160876067
1282B3010,244.86339041095889,1047.0999999999997,92.70000000000002,198.4,373.85,577.4099999999995,177.14409533957888
1282C1180,238.338105022831,860.4999999999994,88.65,195.05,364.79999999999995,564.5999999999996,173.23536963199393
1282C1200,209.59012557077625,974.4999999999994,76.6,181.05,315.20000000000005,485.11499999999944,151.12536927643384
1282C1170,87.77665525114156,484.2000000000001,28.4,68.3,133.32500000000002,229.3099999999999,73.34517077826355
1282C1190,325.79575342465745,1105.4999999999995,123.275,265.55,495.19999999999976,767.4099999999994,233.86128722497358
1282A0010,382.67769406392677,1402.0999999999997,143.80000000000004,311.2,584.3999999999997,894.6999999999991,273.1969714482931
1282B2010,300.6001712328767,1029.5999999999992,113.07499999999999,240.05000000000004,459.82499999999993,707.4099999999996,216.7496898129107
1287C1080,168.67021689497716,666.8999999999997,64.2,135.10000000000002,260.1,394.10499999999985,122.86044798526503
1287C1040,133.67730593607308,687.3999999999995,46.9,108.5,204.9,319.41499999999974,100.55279943486775
1287C1060,235.60450913242008,876.3999999999997,91.2,187.6,361.32500000000005,552.7999999999997,169.13432635249504
1287B2010,198.13552511415523,782.7999999999997,75.30000000000001,159.20000000000002,303.525,465.5999999999999,143.08929075567727
1287C1050,151.73355022831052,547.7999999999997,58.2,118.4,228.10000000000005,366.1099999999999,111.13330317874214
1287A0020,291.7540525114154,948.9999999999992,110.90000000000002,238.3,448.4249999999999,679.9049999999995,206.69668363222888
1287C1010,351.37003424657524,1103.3999999999996,134.40000000000003,286.3,533.6999999999998,815.9149999999993,248.55885227942576
1287C1030,192.55980593607305,713.8999999999995,72.5,153.45000000000002,294.32500000000005,456.0999999999998,140.79408750653425
1287C1070,222.30053652968033,847.2999999999996,83.80000000000001,183.00000000000003,336.67499999999995,514.1149999999994,158.44774247451684
1287C1020,267.38188356164375,921.8999999999992,101.7,221.00000000000009,407.8249999999998,620.2999999999995,189.6146806765965
1287C1120,199.6478196347032,819.9999999999995,76.2,164.75000000000003,304.7,463.60499999999985,142.48098882658485
1287C1100,292.59566210045654,936.7999999999992,110.95,228.7,451.2999999999997,693.4999999999995,211.09362261939327
1287C1130,135.95530821917808,489.5999999999998,51.0,105.9,207.775,328.3049999999999,100.43812738555506
1287B2020,285.22777397260273,961.1999999999992,109.17500000000001,228.40000000000003,439.0249999999998,670.9999999999997,204.21273111471632
1287C1090,282.8803652968036,1020.5999999999992,112.6,235.60000000000002,428.1499999999999,645.2099999999995,196.97488643692552
1287C1110,199.4873744292237,799.3999999999996,73.0,163.85000000000002,304.025,472.30499999999984,145.21517062487283
1287C1150,158.11224885844746,751.9999999999998,58.175000000000004,127.95000000000002,240.90000000000003,375.40499999999986,116.89538186795369
1287C1140,130.44575342465754,487.9999999999999,47.4,101.9,200.1,313.80999999999995,97.17273944030312
1287C1160,266.0371461187214,904.0999999999996,101.5,210.50000000000003,407.2249999999999,627.7049999999996,191.842788200337
1287C1170,293.27727168949764,1085.7999999999993,112.1,233.10000000000002,449.4999999999998,686.3049999999995,210.42810223756175
1287C1180,267.33326484018266,870.3999999999995,101.9,207.50000000000003,411.3999999999999,636.2049999999995,193.92563587884206
1287C1190,202.57865296803647,706.3999999999997,76.6,158.85000000000002,309.5,484.8099999999996,148.0718149419139
1287A0010,294.87522831050217,1000.1999999999996,111.975,235.80000000000004,450.7499999999999,693.6999999999996,211.7819597222899
1287B3010,294.6238356164382,1001.6999999999994,113.6,236.10000000000002,446.2249999999999,691.3099999999996,210.7608306773734
1287A0030,225.5142465753424,836.8999999999994,84.8,181.2,342.84999999999997,533.1999999999998,162.8060170279432
1287A0040,259.82487442922366,904.2999999999996,99.8,205.45000000000002,400.225,613.6049999999996,187.8347730813456
1287A0050,227.36204337899537,779.0999999999995,85.875,182.25000000000006,346.84999999999997,536.4149999999995,164.28002558286104
1265A0050,246.09668949771685,841.4999999999994,91.07499999999999,199.2,374.7,582.2999999999997,178.30659717004156
1265A0040,184.98535388127854,707.2999999999997,68.19999999999999,147.8,282.125,449.4049999999999,137.36509165837475
1265B2010,222.21228310502278,715.4999999999997,83.2,174.90000000000003,342.80000000000007,531.2999999999997,162.45733045778502
1265A0010,220.6565639269406,877.6999999999997,80.4,181.35000000000002,336.1,525.1049999999996,160.16832089253217
1265C1010,325.4044178082191,1080.5999999999997,124.20000000000002,258.75000000000006,500.3999999999999,763.2099999999995,234.3376566588292
1265A0020,172.01999999999998,606.6999999999997,62.3,134.6,264.0,420.60499999999985,128.5825164761016
1265C1020,220.38100456621,782.1999999999995,82.05,171.05,338.2249999999999,532.0099999999996,163.12961734790758
1265C1030,271.3933904109589,996.4999999999992,101.1,221.80000000000004,415.3249999999998,633.8099999999994,194.82572021343867
1265C1040,239.99977168949772,838.6999999999995,88.9,188.90000000000006,365.42499999999995,579.2049999999997,177.14523192351157
1265A0030,259.5960958904109,913.3999999999992,97.3,204.4,395.6249999999999,621.9999999999998,189.64958020729398
1265A0060,166.79546803652968,629.1999999999996,58.4,133.8,257.1,404.3049999999997,125.1740830274952
1265A0070,173.25849315068496,733.4999999999995,62.1,145.30000000000004,261.1,406.60499999999996,127.7899079775112
1230A0020,109.83968036529681,614.5999999999999,35.9,90.1,164.52500000000003,277.6099999999999,88.44762580324054
1230C1030,262.68178082191776,874.4999999999993,100.5,208.90000000000006,405.3999999999999,624.4999999999997,190.3134202582213
1230C1040,250.553002283105,997.6999999999996,97.20000000000002,215.05,379.92499999999995,568.4099999999996,175.09774233893808
1230C1010,388.2961643835615,1213.4,148.75,304.45000000000005,601.1999999999997,913.6049999999994,278.6225600162493
1230C1050,335.14808219178076,1031.1999999999994,131.20000000000002,264.9,515.3499999999998,782.6199999999992,238.07203153379385
1230C1060,252.330707762557,825.1999999999995,96.3,197.45000000000005,386.84999999999997,603.4049999999996,183.76583936432505
1230C1020,345.76658675799075,1142.5999999999997,135.175,280.0,526.2999999999998,800.9049999999992,243.206890261113
1230C1080,227.29027397260273,740.5999999999995,86.7,178.05000000000004,348.89999999999986,541.8049999999996,165.46427299160837
1230C1070,266.07034246575336,883.8999999999996,102.75,214.90000000000003,406.8999999999999,618.5249999999994,188.79866208416095
1230B2010,299.7851141552511,1060.2999999999993,114.9,239.3,457.7999999999999,707.0099999999993,215.13606846625888
1230A0010,308.2449657534246,1065.499999999999,119.07499999999999,243.80000000000004,473.2249999999999,723.5099999999993,220.39129833446026
1230B2020,314.1305821917807,1097.5999999999997,121.2,251.45000000000005,481.2999999999998,732.1099999999993,223.12063759237697
1291A0020,147.47942922374432,577.0999999999999,54.2,120.0,226.32500000000005,348.6999999999998,107.95407920259319
1291B5010,134.56683789954337,632.8999999999997,49.9,107.3,205.60000000000005,323.9049999999999,101.02514149513645
1291B4010,156.01979452054795,643.9999999999997,60.475,126.55000000000001,237.60000000000005,364.1299999999996,112.95410009333318
1291B3010,152.01003424657534,621.3999999999999,56.9,122.15,235.40000000000003,359.0999999999999,111.28129769349253
1291C1010,189.1834931506849,787.6999999999995,69.57499999999999,155.3,288.82500000000005,442.60499999999985,136.70042041053344
1291C1030,209.16021689497714,863.7999999999998,78.4,171.3,314.9,491.00999999999965,151.35314895560356
1291C1020,276.6336529680365,1009.5999999999992,105.5,218.30000000000004,423.9999999999999,650.0049999999995,198.39882084617514
1291B2010,154.7415182648402,637.1999999999998,57.99999999999999,121.90000000000002,237.40000000000003,369.0099999999998,113.58010192626158
1291C1040,257.74868721461183,820.7999999999995,98.0,204.7,396.8249999999999,607.1049999999996,185.92405457782812
1291A0010,223.18238584474884,748.7999999999996,86.675,175.40000000000003,342.99999999999994,530.1049999999997,160.75338397433612
1291A0030,192.65242009132422,771.1999999999997,72.19999999999999,159.10000000000002,294.1,447.1999999999999,137.83755483486985
1291A0040,221.268401826484,1060.5999999999997,85.375,180.10000000000002,337.09999999999985,519.0099999999996,158.22000023740887
1291A0050,201.97192922374427,826.4999999999995,78.30000000000001,173.10000000000002,302.025,461.30499999999984,141.69123957234865
1291A0060,175.78857305936071,762.6999999999996,64.9,148.40000000000003,268.0,410.20499999999987,126.40908793213794
1291A0070,198.75110730593607,938.6999999999996,72.7,162.60000000000002,302.79999999999995,465.4999999999998,143.73551589042387
1263C1040,259.27921232876713,853.4999999999997,99.92500000000001,208.40000000000003,396.6249999999999,606.7049999999996,185.12526568280146
1263B2020,383.6925456621003,1365.7000000000005,153.00000000000003,315.9000000000001,578.5999999999997,876.929999999999,266.7231149622578
1263C1010,264.7438584474885,957.3999999999992,100.775,215.95000000000005,404.0749999999999,613.7049999999997,188.0779567638911
1263C1020,250.7998515981735,905.1999999999996,94.70000000000002,202.2,382.875,587.3049999999996,180.08207985422217
1263C1050,274.46055936073054,898.2999999999993,105.10000000000002,222.20000000000002,420.2999999999999,638.9999999999997,194.46162848488208
1263C1030,199.6830707762557,761.7999999999994,75.9,164.85000000000002,303.9,464.90499999999986,142.74855329132126
1263C1060,195.1650799086758,774.8999999999995,73.1,154.70000000000002,301.7,463.2149999999995,142.6586007984533
1263C1070,314.48254566210034,1075.6999999999996,122.175,255.70000000000002,474.44999999999993,732.8049999999993,222.15985375673978
1263B2010,225.20739726027398,819.4999999999997,86.60000000000001,177.65000000000003,345.22499999999997,534.9049999999997,163.04646470212714
1263B3010,366.55139269406385,1210.1999999999991,144.57500000000002,309.30000000000007,553.8249999999998,835.5049999999992,253.09392511728038
1263A0010,195.09762557077622,760.0999999999996,72.6,160.50000000000003,297.625,452.40499999999986,140.35533961175364
1263A0020,292.2110502283104,978.3999999999992,113.0,238.55000000000004,445.2249999999999,680.7049999999994,206.83334235955917
1285C1060,243.52845890410956,1132.9,90.20000000000002,202.85000000000002,370.44999999999993,568.1049999999996,174.98695572058864
1285A0010,314.430011415525,1051.5999999999997,116.4,251.10000000000005,483.52499999999986,744.4999999999994,227.52237136466425
1285A0020,166.9546118721461,752.2999999999998,57.3,146.5,248.3,402.11499999999967,125.04557957615164
1285B5010,146.6486301369863,545.3999999999996,53.8,116.10000000000002,223.82500000000005,352.9999999999999,109.69344388736928
1285B3010,197.53633561643835,913.8999999999996,70.525,166.90000000000003,302.4,460.1099999999997,143.63347703009705
1285C1030,199.2783105022831,809.8999999999995,71.975,164.3,304.79999999999995,466.70499999999976,144.98212158500507
1285C1010,195.0418493150685,791.0999999999996,71.8,159.8,299.5,458.20499999999976,141.6157575143001
1285C1040,233.55690639269403,827.2999999999994,87.075,186.00000000000003,360.69999999999993,558.0099999999995,171.07711333741256
1285C1090,218.70254566210045,774.2999999999995,79.7,177.90000000000003,336.42499999999995,516.6149999999996,158.86807274048155
1285A0040,231.11447488584471,826.2999999999996,83.7,189.80000000000004,354.04999999999995,545.3999999999996,167.70188954409517
1285C1020,210.59840182648398,722.9999999999995,79.2,165.20000000000002,323.6,508.7099999999996,155.09238521826762
1285C1050,151.38399543378995,617.7999999999996,54.4,122.85000000000002,233.82500000000005,359.50499999999994,112.31484364397181
1285A0030,121.91172374429223,649.3999999999995,39.9,100.3,185.2,298.8199999999997,94.58035690399566
1285C1070,263.10804794520544,892.2999999999995,97.1,211.65000000000003,397.92499999999995,629.3199999999996,192.62736081620804
1285C1080,288.29718036529675,1005.4999999999992,112.775,243.45000000000005,435.0499999999998,662.5099999999995,202.25982069598214
1285B2010,266.90894977168944,1025.499999999999,103.875,228.25,406.39999999999986,607.0049999999995,186.53382292288788
1285B4010,166.71239726027397,789.2999999999996,58.2,137.15000000000003,252.50000000000006,400.4999999999999,124.36008380260365
1285A0050,190.61794520547946,757.3999999999993,71.3,152.4,294.025,454.3999999999998,139.73969206662747
1285A0060,159.7165296803653,658.6999999999997,58.1,124.45,244.35000000000002,385.60499999999985,119.34216146046363
1285A0070,136.91472602739728,489.5999999999998,50.8,104.85,210.32500000000005,337.0999999999999,103.53520101447906
1264B3010,234.55299086757987,925.5999999999996,91.0,194.3,356.3999999999999,535.7349999999992,164.38107203170398
1264A0010,211.90398401826482,818.2999999999994,82.2,175.90000000000003,322.92499999999995,486.9999999999998,149.48347630185833
1264C1010,284.5031506849315,935.8999999999992,110.275,235.35000000000008,430.22499999999985,659.0049999999995,200.30940445376078
1264A0020,189.8641894977169,620.1999999999997,72.6,148.50000000000003,292.20000000000005,451.5049999999997,138.07284818161313
1264C1040,339.4470662100456,1155.7999999999993,135.375,277.45,516.2999999999997,777.8099999999994,236.51810856760497
1264C1020,275.92674657534246,1100.0,108.8,228.00000000000009,418.6249999999998,634.0099999999995,192.422068212343
1264B2010,250.33289954337897,890.8999999999996,97.0,205.45000000000005,379.64999999999986,578.6999999999997,176.54945089233118
1264C1030,249.63465753424654,863.2999999999993,95.17500000000001,199.50000000000003,381.6999999999999,584.6049999999997,178.13578040893097
1264A0030,180.17207762557078,714.9999999999997,67.3,148.8,275.95,423.49999999999983,130.30956618883658
1264A0040,213.4226598173516,795.3999999999996,82.3,175.70000000000005,326.825,489.9049999999997,150.6666142615727
1231C1010,191.9629223744292,823.1999999999996,72.2,157.2,293.20000000000005,446.30999999999966,137.6432130277835
1231C1030,162.07143835616438,777.1999999999997,60.9,135.20000000000002,246.55,377.0999999999999,116.71647429098692
1231C1020,264.0466780821917,961.8999999999992,101.0,216.35000000000002,401.7,612.9199999999994,188.1067227388517
1231C1050,209.98593607305935,786.1999999999995,81.70000000000002,174.70000000000005,321.0,480.4999999999998,147.67300566856494
1231C1040,231.48601598173514,858.5999999999992,87.70000000000002,188.35000000000002,354.04999999999995,543.4099999999995,165.99769880431887
1231C1060,197.38093607305936,681.9999999999997,75.375,156.95000000000005,302.42499999999995,471.8099999999997,144.01922482868812
1231C1070,156.15825342465757,613.1999999999998,57.9,125.75,237.80000000000004,369.5099999999999,115.14298125031779
1231C1080,268.8003424657533,917.1999999999992,102.475,222.45000000000005,410.42499999999995,619.3999999999996,189.6041854133676
1231C1090,280.5850684931506,908.8999999999994,109.3,232.55,426.52499999999986,643.5049999999995,196.22539744386935
1231C1100,286.66468036529676,992.9999999999992,109.1,236.1,435.6999999999998,664.2049999999996,203.15800034854055
1270C1010,393.3063242009131,1222.2,159.375,324.2,593.2999999999996,890.7049999999992,268.9755435430457
1270C1020,214.2788926940639,821.9999999999995,82.8,171.40000000000003,327.15000000000003,501.6199999999996,152.64114120020278
1270C1030,164.99568493150684,671.8999999999994,58.5,135.3,251.10000000000002,390.10499999999996,121.43407446813669
1270C1040,371.33933789954324,1238.1999999999998,146.075,292.95000000000005,568.0499999999997,867.309999999999,263.26863407358024
1270A0010,465.52384703196327,1416.8000000000009,189.075,380.64999999999986,704.5999999999996,1053.3249999999991,316.5060915999964
1270A0020,407.2411529680364,1260.1999999999998,163.1,324.04999999999995,625.6249999999995,940.9049999999992,284.4284073102982
1270A0030,360.07533105022816,1101.0999999999997,142.0,288.45,550.9749999999998,837.8049999999993,253.54238904241092
1262C1020,227.45930365296798,833.5999999999995,86.69999999999999,181.64999999999998,346.5999999999999,538.7099999999996,165.04573216912996
1262C1010,204.4216095890411,752.3999999999995,78.2,170.40000000000003,308.125,475.3999999999999,145.90659425852772
1262C1030,213.58684931506846,752.5999999999996,80.5,171.95000000000002,323.25,505.20499999999964,154.21001735109857
1262C1040,217.81367579908672,719.7999999999996,81.775,170.85000000000002,333.4499999999999,521.7149999999996,160.0530904974575
1262C1050,313.27109589041083,1022.6999999999994,120.0,247.55000000000004,481.6249999999997,737.4349999999991,225.47785045531685
1262C1060,234.85618721461185,783.7999999999996,90.2,183.55,355.42499999999995,563.5999999999998,171.30358601780998
1262C1070,273.7422945205479,841.2999999999995,103.6,215.25000000000006,422.3499999999998,653.0999999999997,198.91641450339296
1262C1080,235.22691780821916,923.4999999999992,91.275,193.55,361.1499999999999,538.3099999999997,165.68907879357204
1262C1090,294.81655251141547,933.4999999999994,113.575,233.00000000000003,451.04999999999995,694.8049999999994,211.756659705297
1262C1100,345.46232876712315,1123.5999999999997,134.775,279.95,526.0499999999997,802.8049999999994,243.56861969965794
1262C1120,259.11260273972596,837.7999999999994,98.0,205.00000000000003,397.22499999999997,616.0999999999996,187.7504535321727
1262C1110,285.33200913242,1005.7999999999994,111.575,238.80000000000004,433.49999999999983,651.3049999999996,198.5447345461737
1261C1070,180.2929452054794,604.2999999999998,67.7,144.0,274.725,428.11499999999967,131.38343734517176
1261C1090,221.46343607305934,1028.5999999999997,83.6,188.50000000000003,337.0,506.9999999999998,156.35717908923274
1261B2010,254.2126141552511,827.3999999999996,98.1,202.55,387.54999999999995,606.9999999999997,183.34516468015195
1261B2020,302.0728310502283,893.8999999999993,117.6,238.00000000000003,466.2499999999998,706.8049999999995,215.25038390113147
1261C1010,213.68920091324193,684.1999999999996,80.95,168.60000000000002,328.525,508.0049999999998,155.01380182223645
1261B2040,251.359406392694,941.6999999999994,96.6,204.6,383.1999999999999,586.6999999999997,179.11368451097553
1261B2030,347.8090410958903,1057.7999999999993,135.47500000000002,280.0,530.8249999999998,804.6099999999994,244.5178300016461
1261C1030,206.89924657534246,741.3999999999994,78.7,164.20000000000005,316.325,488.4149999999997,150.55867238315514
1261C1020,200.67968036529678,692.5999999999995,76.1,163.95000000000005,308.0,466.1999999999999,143.44841605876562
1261A0030,214.49366438356162,1031.3999999999994,82.2,178.70000000000005,325.325,494.3049999999998,151.72866153491364
1261A0020,160.95246575342463,571.0999999999998,61.7,127.20000000000002,246.80000000000004,384.1149999999998,117.17574258712267
1261C1040,154.51898401826486,513.3999999999997,58.2,121.05,235.12500000000006,374.6099999999999,114.38975954124938
1261C1050,202.95776255707761,689.7999999999995,78.3,160.10000000000002,311.025,484.0999999999999,147.3502716771263
1261C1060,185.23938356164385,638.0999999999996,69.1,147.40000000000003,282.225,439.5999999999998,135.06107943807638
1261C1080,345.798413242009,1094.2999999999993,131.47500000000002,275.75,530.3249999999998,814.1099999999993,247.62356358790063
1261B2050,375.7603538812784,1168.6999999999994,143.775,301.2,575.6999999999996,873.4049999999993,266.13885981281635
1261A0010,128.44484018264842,597.2999999999998,43.9,105.70000000000002,194.6,306.99999999999994,96.82528359702286
1261B2060,260.58159817351594,832.4999999999993,99.8,208.90000000000003,396.8999999999999,610.1049999999996,186.3512227564224
1261B2070,250.39957762557074,791.4999999999993,94.4,193.65000000000003,389.2249999999999,599.7049999999996,182.67456658470002
1266A0010,272.24539954337894,967.2999999999994,105.3,217.40000000000003,415.24999999999983,646.1099999999997,196.5947895990051
1266A0020,185.90668949771688,752.9999999999997,68.1,151.70000000000002,283.1,443.7099999999997,137.9131230065892
1266A0030,144.8323401826484,613.3999999999997,50.974999999999994,115.3,223.25000000000006,349.29999999999995,108.38704773382624
1266C1010,197.82977168949773,801.5999999999995,72.3,155.85000000000002,302.025,480.5099999999998,147.68106770845557
1266C1040,191.74788812785388,805.8999999999996,72.10000000000001,152.65000000000003,292.125,458.5099999999997,140.41198906925322
1266C1020,267.12192922374425,928.1999999999992,100.57499999999999,214.90000000000003,406.5999999999999,632.5249999999994,194.09288220557565
1266C1030,253.60541095890406,887.5999999999995,95.15,205.05,385.84999999999997,601.2049999999996,183.87300291628557
1266A0040,146.07252283105024,549.9999999999998,54.3,114.9,220.92500000000004,358.5049999999999,108.93014583992633
1266B2010,199.46658675799085,703.6999999999997,72.7,155.85000000000002,305.825,482.70499999999976,147.92302033169514
1266A0050,208.05584474885842,802.9999999999995,76.7,166.8,320.4,491.0099999999997,151.99037328861033
1214B2010,224.34242009132416,800.6999999999992,83.675,179.00000000000003,343.7249999999999,534.2999999999997,163.6987966976744
1214B4010,153.06198630136987,654.1999999999997,57.3,121.70000000000002,233.02500000000003,367.7,113.15716551742997
1214A0010,165.88127853881278,733.4999999999995,60.4,133.9,253.1,397.4999999999998,122.85491134621367
1214C1020,234.27996575342462,855.4999999999995,88.70000000000002,189.35000000000002,359.82499999999993,551.5049999999997,168.57867078092627
1214C1010,238.91131278538808,905.1999999999994,87.60000000000001,195.05,366.22499999999997,564.9049999999996,173.43299519147783
1214A0020,278.00861872146106,994.1999999999996,105.3,227.30000000000004,417.79999999999995,650.0049999999997,199.11012750977588
1214B3010,197.97472602739725,683.2999999999995,72.8,153.60000000000002,301.525,480.9099999999997,147.54105382813125
1214A0040,155.53351598173515,661.3999999999997,54.4,126.40000000000002,239.82500000000005,372.0999999999999,116.58458288421794
1214A0030,235.85643835616435,753.2999999999996,87.6,183.55,363.14999999999986,570.2049999999996,173.39275020746686
1267A0010,318.3863242009132,1057.0999999999997,123.8,258.1,484.22499999999985,736.9999999999994,223.92128416620344
1267C1060,323.4907191780821,1003.5999999999992,127.07500000000002,257.40000000000003,499.8249999999997,755.3999999999994,227.9879290321965
1267C1010,329.9794977168949,1062.599999999999,130.075,259.0,505.0999999999998,776.8099999999994,234.97811336716566
1267C1020,315.1403310502282,1038.5999999999992,123.57499999999999,254.55,481.79999999999984,720.6099999999993,220.7421965086134
1267C1030,285.82979452054786,926.8999999999994,111.375,233.60000000000005,437.4999999999999,658.5099999999994,200.29413548714092
1267C1050,258.2119406392693,1017.0999999999992,101.2,206.05,395.525,599.9049999999995,182.7773972517213
1267C1040,320.79253424657526,1111.1999999999994,127.5,262.90000000000003,486.4499999999997,735.0049999999992,222.94340420024653
1267C1070,172.25446347031965,623.6999999999996,68.17499999999998,134.65000000000003,264.125,403.79999999999984,123.01149190506527
1267A0020,370.0100456621003,1159.3999999999996,148.47500000000002,294.54999999999995,565.0499999999997,854.1999999999995,258.05596817337147
1260B2010,272.4837671232876,917.3999999999992,102.275,220.8,416.82499999999993,645.0149999999993,196.4228712003657
1260A0010,241.20273972602735,786.7999999999996,90.775,193.65000000000003,369.8999999999999,567.8999999999996,173.92449056447524
1260A0020,246.12356164383561,874.9999999999994,90.975,200.55000000000004,374.2999999999999,575.9099999999996,177.87213074014107
1260C1010,242.52876712328762,829.9999999999994,90.07499999999999,199.75000000000006,372.025,563.5049999999995,173.74331157226132
1260A0030,290.9732534246575,1094.2999999999995,108.20000000000002,232.20000000000002,443.6999999999999,693.8049999999995,212.91984168224656
1260C1020,170.62148401826482,608.2999999999997,61.7,134.60000000000002,259.6,412.00999999999976,128.01206447556694
1260C1030,265.81223744292237,1022.3999999999992,101.72500000000001,217.25000000000006,404.1999999999998,619.8049999999995,189.55474045441682
1260C1040,295.2996004566209,1125.9,112.97500000000001,243.70000000000005,449.7249999999998,691.3049999999995,209.65634079130422
1277C1040,131.1406621004566,620.6999999999997,47.0,103.9,202.00000000000003,316.00499999999994,98.94954397116659
1277B3010,254.44530821917803,909.3999999999992,95.62500000000001,202.1,386.5999999999999,609.7099999999997,187.07361465368822
1277B2010,311.5810844748857,1059.3999999999994,115.6,247.05000000000004,477.67499999999984,740.4099999999994,227.06970944225998
1277C1020,178.77151826484018,625.6999999999996,65.4,141.3,272.3,430.00999999999976,133.23487640926527
1277C1050,186.07926940639268,694.6999999999995,69.57499999999999,143.90000000000003,284.7,446.89999999999975,136.51651068167564
1277C1010,114.81117579908677,478.2999999999998,42.9,89.7,177.40000000000003,280.30499999999995,87.32487103616589
1277C1030,285.49501141552497,981.9999999999994,108.10000000000002,235.1,438.0999999999998,661.7049999999996,203.63509529230714
1277C1070,182.57278538812784,689.4999999999997,67.64999999999999,145.55,278.29999999999995,441.0049999999998,135.20988552774966
1277C1060,145.7233219178082,647.6999999999998,51.075,120.1,220.90000000000003,348.40499999999986,108.65109043447762
1277A0010,147.0788926940639,643.3999999999995,50.8,123.70000000000002,222.10000000000005,353.8049999999999,110.09317552047521
